Sicilian Defense,2|4|1|4|3|,2|2|6|2|4|
Sicilian Defense,1|4|1|4|3|,1|2|6|2|4|
French Defense,2|4|1|4|3|,2|4|6|4|5|
French Defense,1|4|1|4|3|,1|4|6|4|5|
Ruy Lopez Opening,2|4|1|4|3|,2|4|6|4|4|,2|6|0|5|2|,2|1|7|2|5|,2|5|0|1|4|
Ruy Lopez Opening,1|4|1|4|3|,1|4|6|4|4|,1|6|0|5|2|,1|1|7|2|5|,1|5|0|1|4|
Caro-Kann Defense,2|4|1|4|3|,2|2|6|2|5|
Caro-Kann Defense,1|4|1|4|3|,1|2|6|2|5|
Italian Game,2|4|1|4|3|,2|4|6|4|4|,2|6|0|5|2|,2|1|7|2|5|,2|5|0|2|3|
Italian Game,1|4|1|4|3|,1|4|6|4|4|,1|6|0|5|2|,1|1|7|2|5|,1|5|0|2|3|
Sicilian Defense: Closed,2|4|1|4|3|,2|2|6|2|4|,2|1|0|2|2|
Sicilian Defense: Closed,1|4|1|4|3|,1|2|6|2|4|,1|1|0|2|2|
Scandinavian Defense,2|4|1|4|3|,2|3|6|3|4|
Scandinavian Defense,1|4|1|4|3|,1|3|6|3|4|
Pirc Defense: 2.d4 Nf6,2|4|1|4|3|,2|3|6|3|5|,2|3|1|3|3|,2|6|7|5|5|
Pirc Defense: 2.d4 Nf6,1|4|1|4|3|,1|3|6|3|5|,1|3|1|3|3|,1|6|7|5|5|
Sicilian Defense: Alapin Variation,2|4|1|4|3|,2|2|6|2|4|,2|2|1|2|2|
Sicilian Defense: Alapin Variation,1|4|1|4|3|,1|2|6|2|4|,1|2|1|2|2|
Aelkhines Defense,2|4|1|4|3|,2|6|7|5|5|
Aelkhines Defense,1|4|1|4|3|,1|6|7|5|5|
Kings Gambit,2|4|1|4|3|,2|4|6|4|4|,2|5|1|5|3|
Kings Gambit,1|4|1|4|3|,1|4|6|4|4|,1|5|1|5|3|
Scotch Game,2|4|1|4|3|,2|4|6|4|4|,2|6|0|5|2|,2|1|7|2|5|,2|3|1|3|3|
Scotch Game,1|4|1|4|3|,1|4|6|4|4|,1|6|0|5|2|,1|1|7|2|5|,1|3|1|3|3|
Vienna Game,2|4|1|4|3|,2|4|6|4|4|,2|1|0|2|2|
Vienna Game,1|4|1|4|3|,1|4|6|4|4|,1|1|0|2|2|
Queens Gambit,2|3|1|3|3|,2|3|6|3|4|,2|2|1|2|3|
Queens Gambit,1|3|1|3|3|,1|3|6|3|4|,1|2|1|2|3|
Slav Defense,2|3|1|3|3|,2|3|6|3|4|,2|2|1|2|3|,2|2|6|2|5|
Slav Defense,1|3|1|3|3|,1|3|6|3|4|,1|2|1|2|3|,1|2|6|2|5|
Kings Indian Defense,2|3|1|3|3|,2|6|7|5|5|,2|2|1|2|3|,2|6|6|6|5|
Kings Indian Defense,1|3|1|3|3|,1|6|7|5|5|,1|2|1|2|3|,1|6|6|6|5|
Nimzo-Indian Defense,2|3|1|3|3|,2|6|7|5|5|,2|2|1|2|3|,2|4|6|4|5|,2|1|0|2|2|,2|5|7|1|3|
Nimzo-Indian Defense,1|3|1|3|3|,1|6|7|5|5|,1|2|1|2|3|,1|4|6|4|5|,1|1|0|2|2|,1|5|7|1|3|
Queens Indian Defense,2|3|1|3|3|,2|6|7|5|5|,2|2|1|2|3|,2|4|6|4|5|,2|6|0|5|2|,2|1|6|1|5|
Queens Indian Defense,1|3|1|3|3|,1|6|7|5|5|,1|2|1|2|3|,1|4|6|4|5|,1|6|0|5|2|,1|1|6|1|5|
Catalan Opening,2|3|1|3|3|,2|6|7|5|5|,2|2|1|2|3|,2|4|6|4|5|,2|6|1|6|2|
Catalan Opening,1|3|1|3|3|,1|6|7|5|5|,1|2|1|2|3|,1|4|6|4|5|,1|6|1|6|2|
Bogo-Indian Defense,2|3|1|3|3|,2|6|7|5|5|,2|2|1|2|3|,2|4|6|4|5|,2|6|0|5|2|,2|5|7|1|3|
Bogo-Indian Defense,1|3|1|3|3|,1|6|7|5|5|,1|2|1|2|3|,1|4|6|4|5|,1|6|0|5|2|,1|5|7|1|3|
Grünfeld Defense,2|3|1|3|3|,2|6|7|5|5|,2|2|1|2|3|,2|6|6|6|5|,2|1|0|2|2|,2|3|6|3|4|
Grünfeld Defense,1|3|1|3|3|,1|6|7|5|5|,1|2|1|2|3|,1|6|6|6|5|,1|1|0|2|2|,1|3|6|3|4|
Dutch Defense,2|3|1|3|3|,2|5|6|5|4|
Dutch Defense,1|3|1|3|3|,1|5|6|5|4|
Trompowsky Attack,2|3|1|3|3|,2|6|7|5|5|,2|2|0|6|4|
Trompowsky Attack,1|3|1|3|3|,1|6|7|5|5|,1|2|0|6|4|
Benko Gambit,2|3|1|3|3|,2|6|7|5|5|,2|2|1|2|3|,2|2|6|2|4|,2|3|3|3|4|,2|1|6|1|4|
Benko Gambit,1|3|1|3|3|,1|6|7|5|5|,1|2|1|2|3|,1|2|6|2|4|,1|3|3|3|4|,1|1|6|1|4|
London System,2|3|1|3|3|,2|3|6|3|4|,2|6|0|5|2|,2|6|7|5|5|,2|2|0|5|3|
London System,1|3|1|3|3|,1|3|6|3|4|,1|6|0|5|2|,1|6|7|5|5|,1|2|0|5|3|
Beoni Defense: Modern Variation,2|3|1|3|3|,2|6|7|5|5|,2|2|1|2|3|,2|2|6|2|4|,2|3|3|3|4|,2|4|6|4|5|,2|1|0|2|2|,2|4|5|3|4|,2|2|3|3|4|,2|3|6|3|5|
Beoni Defense: Modern Variation,1|3|1|3|3|,1|6|7|5|5|,1|2|1|2|3|,1|2|6|2|4|,1|3|3|3|4|,1|4|6|4|5|,1|1|0|2|2|,1|4|5|3|4|,1|2|3|3|4|,1|3|6|3|5|
Kings Indian Attack,2|6|0|5|2|,2|3|6|3|4|,2|6|1|6|2|
Kings Indian Attack,1|6|0|5|2|,1|3|6|3|4|,1|6|1|6|2|
Reti Opening,2|6|0|5|2|,2|3|6|3|4|,2|2|1|2|3|
Reti Opening,1|6|0|5|2|,1|3|6|3|4|,1|2|1|2|3|
Reti Gambit Accepted,2|6|0|5|2|,2|3|6|3|4|,2|2|1|2|3|,2|3|4|2|3|
Reti Gambit Accepted,1|6|0|5|2|,1|3|6|3|4|,1|2|1|2|3|,1|3|4|2|3|
Reti Opening: Advance Variation,2|6|0|5|2|,2|3|6|3|4|,2|2|1|2|3|,2|3|4|3|3|
Reti Opening: Advance Variation,1|6|0|5|2|,1|3|6|3|4|,1|2|1|2|3|,1|3|4|3|3|
English Opening: Symmetrical Defence,2|2|1|2|3|,2|2|6|2|4|
English Opening: Symmetrical Defence,1|2|1|2|3|,1|2|6|2|4|
English Opening: Reversed Sicilian,2|2|1|2|3|,2|4|6|4|4|
English Opening: Reversed Sicilian,1|2|1|2|3|,1|4|6|4|4|
Benoni Defense,2|3|1|3|3|,2|6|7|5|5|,2|2|1|2|3|,2|2|6|2|4|
Benoni Defense,1|3|1|3|3|,1|6|7|5|5|,1|2|1|2|3|,1|2|6|2|4|
Birds Opening,2|5|1|5|3|,2|3|6|3|4|
Birds Opening,1|5|1|5|3|,1|3|6|3|4|
Caro-Kann Defense: Two Knights Variation,2|4|1|4|3|,2|2|6|2|5|,2|1|0|2|2|,2|3|6|3|4|,2|6|0|5|2|,2|2|7|6|3|
Caro-Kann Defense: Two Knights Variation,1|4|1|4|3|,1|2|6|2|5|,1|1|0|2|2|,1|3|6|3|4|,1|6|0|5|2|,1|2|7|6|3|
Caro-Kann Defense: d4,2|4|1|4|3|,2|2|6|2|5|,2|3|1|3|3|
Caro-Kann Defense: d4,1|4|1|4|3|,1|2|6|2|5|,1|3|1|3|3|
Caro-Kann: Exchange Variation,2|4|1|4|3|,2|2|6|2|5|,2|3|1|3|3|,2|3|6|3|4|,2|4|3|3|4|
Caro-Kann: Exchange Variation,1|4|1|4|3|,1|2|6|2|5|,1|3|1|3|3|,1|3|6|3|4|,1|4|3|3|4|
Caro-Kann: Panov-Botvinnik Attack,2|4|1|4|3|,2|2|6|2|5|,2|3|1|3|3|,2|3|6|3|4|,2|4|3|3|4|,2|2|5|3|4|,2|2|1|2|3|,2|6|7|5|5|,2|1|0|2|2|,2|4|6|4|5|
Caro-Kann: Panov-Botvinnik Attack,1|4|1|4|3|,1|2|6|2|5|,1|3|1|3|3|,1|3|6|3|4|,1|4|3|3|4|,1|2|5|3|4|,1|2|1|2|3|,1|6|7|5|5|,1|1|0|2|2|,1|4|6|4|5|
Caro-Kann Defense: d4 d5 Nc3,2|4|1|4|3|,2|2|6|2|5|,2|3|1|3|3|,2|3|6|3|4|,2|1|0|2|2|
Caro-Kann Defense: d4 d5 Nc3,1|4|1|4|3|,1|2|6|2|5|,1|3|1|3|3|,1|3|6|3|4|,1|1|0|2|2|
Caro-Kann Defense: Bronstein-Larsen Variation,2|4|1|4|3|,2|2|6|2|5|,2|3|1|3|3|,2|3|6|3|4|,2|1|0|2|2|,2|3|4|4|3|,2|2|2|4|3|,2|6|7|5|5|,2|4|3|5|5|,2|6|6|5|5|
Caro-Kann Defense: Bronstein-Larsen Variation,1|4|1|4|3|,1|2|6|2|5|,1|3|1|3|3|,1|3|6|3|4|,1|1|0|2|2|,1|3|4|4|3|,1|2|2|4|3|,1|6|7|5|5|,1|4|3|5|5|,1|6|6|5|5|
Caro-Kann Defense: Steinitz Variation,2|4|1|4|3|,2|2|6|2|5|,2|3|1|3|3|,2|3|6|3|4|,2|1|0|2|2|,2|3|4|4|3|,2|2|2|4|3|,2|1|7|3|6|
Caro-Kann Defense: Steinitz Variation,1|4|1|4|3|,1|2|6|2|5|,1|3|1|3|3|,1|3|6|3|4|,1|1|0|2|2|,1|3|4|4|3|,1|2|2|4|3|,1|1|7|3|6|
Caro-Kann: Classical Variation,2|4|1|4|3|,2|2|6|2|5|,2|3|1|3|3|,2|3|6|3|4|,2|1|0|2|2|,2|3|4|4|3|,2|2|2|4|3|,2|2|7|5|4|
Caro-Kann: Classical Variation,1|4|1|4|3|,1|2|6|2|5|,1|3|1|3|3|,1|3|6|3|4|,1|1|0|2|2|,1|3|4|4|3|,1|2|2|4|3|,1|2|7|5|4|
Sicilian Defence: Grand Prix Attack,2|4|1|4|3|,2|2|6|2|4|,2|5|1|5|3|
Sicilian Defence: Grand Prix Attack,1|4|1|4|3|,1|2|6|2|4|,1|5|1|5|3|
Sicilian Defence: Closed Nc6 g3,2|4|1|4|3|,2|2|6|2|4|,2|1|0|2|2|,2|1|7|2|5|,2|6|1|6|2|
Sicilian Defence: Closed Nc6 g3,1|4|1|4|3|,1|2|6|2|4|,1|1|0|2|2|,1|1|7|2|5|,1|6|1|6|2|
Sicilian Defence: OKelly Variation,2|4|1|4|3|,2|2|6|2|4|,2|6|0|5|2|,2|0|6|0|5|
Sicilian Defence: OKelly Variation,1|4|1|4|3|,1|2|6|2|4|,1|6|0|5|2|,1|0|6|0|5|
Sicilian Defense: Nimzovich-Rubinstein Variation,2|4|1|4|3|,2|2|6|2|4|,2|6|0|5|2|,2|6|7|5|5|
Sicilian Defense: Nimzovich-Rubinstein Variation,1|4|1|4|3|,1|2|6|2|4|,1|6|0|5|2|,1|6|7|5|5|
French Defence: Exchange Variation,2|4|1|4|3|,2|4|6|4|5|,2|3|1|3|3|,2|3|6|3|4|,2|4|3|3|4|
French Defence: Exchange Variation,1|4|1|4|3|,1|4|6|4|5|,1|3|1|3|3|,1|3|6|3|4|,1|4|3|3|4|
French Defence: Advance Variation,2|4|1|4|3|,2|4|6|4|5|,2|3|1|3|3|,2|3|6|3|4|,2|4|3|4|4|
French Defence: Advance Variation,1|4|1|4|3|,1|4|6|4|5|,1|3|1|3|3|,1|3|6|3|4|,1|4|3|4|4|
French Defence: Tarrasch Variation,2|4|1|4|3|,2|4|6|4|5|,2|3|1|3|3|,2|3|6|3|4|,2|1|0|3|1|
French Defence: Tarrasch Variation,1|4|1|4|3|,1|4|6|4|5|,1|3|1|3|3|,1|3|6|3|4|,1|1|0|3|1|
French Defense: Tarrasch Variation - Guimard Main Line,2|4|1|4|3|,2|4|6|4|5|,2|3|1|3|3|,2|3|6|3|4|,2|1|0|3|1|,2|1|7|2|5|,2|6|0|5|2|,2|6|7|5|5|
French Defense: Tarrasch Variation - Guimard Main Line,1|4|1|4|3|,1|4|6|4|5|,1|3|1|3|3|,1|3|6|3|4|,1|1|0|3|1|,1|1|7|2|5|,1|6|0|5|2|,1|6|7|5|5|
French Defense: Tarrasch Variation - Closed,2|4|1|4|3|,2|4|6|4|5|,2|3|1|3|3|,2|3|6|3|4|,2|1|0|3|1|,2|6|7|5|5|
French Defense: Tarrasch Variation - Closed,1|4|1|4|3|,1|4|6|4|5|,1|3|1|3|3|,1|3|6|3|4|,1|1|0|3|1|,1|6|7|5|5|
French Defense: Tarrasch Variation - Closed - Main Line,1|4|1|4|3|,1|4|6|4|5|,1|3|1|3|3|,1|3|6|3|4|,1|1|0|3|1|,1|6|7|5|5|,1|4|3|4|4|,1|5|5|3|6|,1|5|0|3|2|,1|2|6|2|4|,1|2|1|2|2|,1|1|7|2|5|,1|6|0|4|1|,1|2|4|3|3|,1|2|2|3|3|
French Defense: Tarrasch Variation - Closed - Main Line,2|4|1|4|3|,2|4|6|4|5|,2|3|1|3|3|,2|3|6|3|4|,2|1|0|3|1|,2|6|7|5|5|,2|4|3|4|4|,2|5|5|3|6|,2|5|0|3|2|,2|2|6|2|4|,2|2|1|2|2|,2|1|7|2|5|,2|6|0|4|1|,2|2|4|3|3|,2|2|2|3|3|
French Defense: Tarrasch Variation - Open,1|4|1|4|3|,1|4|6|4|5|,1|3|1|3|3|,1|3|6|3|4|,1|1|0|3|1|,1|2|6|2|4|
French Defense: Tarrasch Variation - Open,2|4|1|4|3|,2|4|6|4|5|,2|3|1|3|3|,2|3|6|3|4|,2|1|0|3|1|,2|2|6|2|4|
French Defense: Tarrasch Variation - Open - Main Line,1|4|1|4|3|,1|4|6|4|5|,1|3|1|3|3|,1|3|6|3|4|,1|1|0|3|1|,1|2|6|2|4|,1|4|3|3|4|,1|4|5|3|4|,1|6|0|5|2|,1|1|7|2|5|
French Defense: Tarrasch Variation - Open - Main Line,2|4|1|4|3|,2|4|6|4|5|,2|3|1|3|3|,2|3|6|3|4|,2|1|0|3|1|,2|2|6|2|4|,2|4|3|3|4|,2|4|5|3|4|,2|6|0|5|2|,2|1|7|2|5|
French Defense: Paulsen Variation,1|4|1|4|3|,1|4|6|4|5|,1|3|1|3|3|,1|3|6|3|4|,1|1|0|2|2|
French Defense: Paulsen Variation,2|4|1|4|3|,2|4|6|4|5|,2|3|1|3|3|,2|3|6|3|4|,2|1|0|2|2|
French Defense: MacCutcheon Variation,1|4|1|4|3|,1|4|6|4|5|,1|3|1|3|3|,1|3|6|3|4|,1|1|0|2|2|,1|6|7|5|5|,1|2|0|6|4|,1|5|7|1|3|
French Defense: MacCutcheon Variation,2|4|1|4|3|,2|4|6|4|5|,2|3|1|3|3|,2|3|6|3|4|,2|1|0|2|2|,2|6|7|5|5|,2|2|0|6|4|,2|5|7|1|3|
French Defense: Classical Variation,1|4|1|4|3|,1|4|6|4|5|,1|3|1|3|3|,1|3|6|3|4|,1|1|0|2|2|,1|6|7|5|5|,1|2|0|6|4|,1|5|7|4|6|
French Defense: Classical Variation,2|4|1|4|3|,2|4|6|4|5|,2|3|1|3|3|,2|3|6|3|4|,2|1|0|2|2|,2|6|7|5|5|,2|2|0|6|4|,2|5|7|4|6|
Frnech Defense: Classical Variation (extended),1|4|1|4|3|,1|4|6|4|5|,1|3|1|3|3|,1|3|6|3|4|,1|1|0|2|2|,1|6|7|5|5|,1|2|0|6|4|,1|5|7|4|6|,1|4|3|4|4|,1|5|5|3|6|,1|6|4|4|6|,1|3|7|4|6|
Frnech Defense: Classical Variation (extended),2|4|1|4|3|,2|4|6|4|5|,2|3|1|3|3|,2|3|6|3|4|,2|1|0|2|2|,2|6|7|5|5|,2|2|0|6|4|,2|5|7|4|6|,2|4|3|4|4|,2|5|5|3|6|,2|6|4|4|6|,2|3|7|4|6|
Vienna Game,1|4|1|4|3|,1|4|6|4|4|,1|1|0|2|2|,1|6|7|5|5|,1|5|0|2|3|,1|5|5|4|3|
Vienna Game,2|4|1|4|3|,2|4|6|4|4|,2|1|0|2|2|,2|6|7|5|5|,2|5|0|2|3|,2|5|5|4|3|
Vienna Game,1|4|1|4|3|,1|4|6|4|4|,1|1|0|2|2|,1|6|7|5|5|,1|5|0|2|3|,1|1|7|2|5|
Vienna Game,2|4|1|4|3|,2|4|6|4|4|,2|1|0|2|2|,2|6|7|5|5|,2|5|0|2|3|,2|1|7|2|5|
Vienna Gambit,1|4|1|4|3|,1|4|6|4|4|,1|1|0|2|2|,1|6|7|5|5|,1|5|1|5|3|,1|3|6|3|4|
Vienna Gambit,2|4|1|4|3|,2|4|6|4|4|,2|1|0|2|2|,2|6|7|5|5|,2|5|1|5|3|,2|3|6|3|4|
King's Gambit Declined: Falkbeer Counter-Gambit,1|4|1|4|3|,1|4|6|4|4|,1|5|1|5|3|,1|3|6|3|4|
King's Gambit Declined: Falkbeer Counter-Gambit,2|4|1|4|3|,2|4|6|4|4|,2|5|1|5|3|,2|3|6|3|4|
King's Gambit Declined: Falkbeer Counter-Gambit,1|4|1|4|3|,1|4|6|4|4|,1|5|1|5|3|,1|3|6|3|4|,1|4|3|3|4|,1|4|4|4|3|,1|3|1|3|2|,1|6|7|5|5|,1|3|2|4|3|
King's Gambit Declined: Falkbeer Counter-Gambit,2|4|1|4|3|,2|4|6|4|4|,2|5|1|5|3|,2|3|6|3|4|,2|4|3|3|4|,2|4|4|4|3|,2|3|1|3|2|,2|6|7|5|5|,2|3|2|4|3|
King's Gambit: Accepted,1|4|1|4|3|,1|4|6|4|4|,1|5|1|5|3|,1|4|4|5|3|
King's Gambit: Accepted,2|4|1|4|3|,2|4|6|4|4|,2|5|1|5|3|,2|4|4|5|3|
King's Gambit: Accepted,1|4|1|4|3|,1|4|6|4|4|,1|5|1|5|3|,1|4|4|5|3|,1|6|0|5|2|
King's Gambit: Accepted,2|4|1|4|3|,2|4|6|4|4|,2|5|1|5|3|,2|4|4|5|3|,2|6|0|5|2|
King's Gambit: Accepted - Cunningham Defense,1|4|1|4|3|,1|4|6|4|4|,1|5|1|5|3|,1|4|4|5|3|,1|6|0|5|2|,1|5|7|4|6|
King's Gambit: Accepted - Cunningham Defense,2|4|1|4|3|,2|4|6|4|4|,2|5|1|5|3|,2|4|4|5|3|,2|6|0|5|2|,2|5|7|4|6|
King's Gambit Accepted: Quaade Gambit,1|4|1|4|3|,1|4|6|4|4|,1|5|1|5|3|,1|4|4|5|3|,1|6|0|5|2|,1|6|6|6|4|,1|1|0|2|2|
King's Gambit Accepted: Quaade Gambit,2|4|1|4|3|,2|4|6|4|4|,2|5|1|5|3|,2|4|4|5|3|,2|6|0|5|2|,2|6|6|6|4|,2|1|0|2|2|
Philidor;s Defense,1|4|1|4|3|,1|4|6|4|4|,1|6|0|5|2|,1|3|6|3|5|
Philidor's Defense,2|4|1|4|3|,2|4|6|4|4|,2|6|0|5|2|,2|3|6|3|5|
Petrov's Defense,1|4|1|4|3|,1|4|6|4|4|,1|6|0|5|2|,1|6|7|5|5|
Petrov's Defense,2|4|1|4|3|,2|4|6|4|4|,2|6|0|5|2|,2|6|7|5|5|
Petrov Defense: Steinitz Attack,1|4|1|4|3|,1|4|6|4|4|,1|6|0|5|2|,1|6|7|5|5|,1|3|1|3|3|
Petrov Defense: Steinitz Attack,2|4|1|4|3|,2|4|6|4|4|,2|6|0|5|2|,2|6|7|5|5|,2|3|1|3|3|
Three Knights Game,1|4|1|4|3|,1|4|6|4|4|,1|6|0|5|2|,1|1|7|2|5|,1|1|0|2|2|
Three Knights Game,2|4|1|4|3|,2|4|6|4|4|,2|6|0|5|2|,2|1|7|2|5|,2|1|0|2|2|
Four Knights: Scotch Variation,1|4|1|4|3|,1|4|6|4|4|,1|6|0|5|2|,1|1|7|2|5|,1|1|0|2|2|,1|6|7|5|5|,1|3|1|3|3|
Four Knights: Scotch Variation,2|4|1|4|3|,2|4|6|4|4|,2|6|0|5|2|,2|1|7|2|5|,2|1|0|2|2|,2|6|7|5|5|,2|3|1|3|3|
Four Knights: Spanish Variation,1|4|1|4|3|,1|4|6|4|4|,1|6|0|5|2|,1|1|7|2|5|,1|1|0|2|2|,1|6|7|5|5|,1|5|0|1|4|
Four Knights: Spanish Variation,2|4|1|4|3|,2|4|6|4|4|,2|6|0|5|2|,2|1|7|2|5|,2|1|0|2|2|,2|6|7|5|5|,2|5|0|1|4|
Four Knights: Double Ruy Lopez,1|4|1|4|3|,1|4|6|4|4|,1|6|0|5|2|,1|1|7|2|5|,1|1|0|2|2|,1|6|7|5|5|,1|5|0|1|4|,1|5|7|1|3|
Four Knights: Double Ruy Lopez,2|4|1|4|3|,2|4|6|4|4|,2|6|0|5|2|,2|1|7|2|5|,2|1|0|2|2|,2|6|7|5|5|,2|5|0|1|4|,2|5|7|1|3|
Evan's Gambit,1|4|1|4|3|,1|4|6|4|4|,1|6|0|5|2|,1|1|7|2|5|,1|5|0|2|3|,1|5|7|2|4|,1|1|1|1|3|,1|2|4|1|3|,1|1|1|1|2|,1|1|3|0|4|
Evan's Gambit,2|4|1|4|3|,2|4|6|4|4|,2|6|0|5|2|,2|1|7|2|5|,2|5|0|2|3|,2|5|7|2|4|,2|1|1|1|3|,2|2|4|1|3|,2|1|1|1|2|,2|1|3|0|4|
Evan's Gambit Declined,1|4|1|4|3|,1|4|6|4|4|,1|6|0|5|2|,1|1|7|2|5|,1|5|0|2|3|,1|5|7|2|4|,1|1|1|1|3|
Evan's Gambit Declined,2|4|1|4|3|,2|4|6|4|4|,2|6|0|5|2|,2|1|7|2|5|,2|5|0|2|3|,2|5|7|2|4|,2|1|1|1|3|
Giuoco Piano,1|4|1|4|3|,1|4|6|4|4|,1|6|0|5|2|,1|1|7|2|5|,1|5|0|2|3|,1|5|7|2|4|,1|2|1|2|2|
Giuoco Piano,2|4|1|4|3|,2|4|6|4|4|,2|6|0|5|2|,2|1|7|2|5|,2|5|0|2|3|,2|5|7|2|4|,2|2|1|2|2|
Giuoco Piano,1|4|1|4|3|,1|4|6|4|4|,1|6|0|5|2|,1|1|7|2|5|,1|5|0|2|3|,1|5|7|2|4|,1|2|1|2|2|,1|6|7|5|5|,1|3|1|3|3|,1|4|4|3|3|,1|2|2|3|3|
Giuoco Piano,2|4|1|4|3|,2|4|6|4|4|,2|6|0|5|2|,2|1|7|2|5|,2|5|0|2|3|,2|5|7|2|4|,2|2|1|2|2|,2|6|7|5|5|,2|3|1|3|3|,2|4|4|3|3|,2|2|2|3|3|
Two Knights Defense,1|4|1|4|3|,1|4|6|4|4|,1|6|0|5|2|,1|1|7|2|5|,1|5|0|2|3|,1|6|7|5|5|
Two Knights Defense,2|4|1|4|3|,2|4|6|4|4|,2|6|0|5|2|,2|1|7|2|5|,2|5|0|2|3|,2|6|7|5|5|
King's Gambit Accepted,1|4|1|4|3|,1|4|6|4|4|,1|5|1|5|3|,1|4|4|5|3|,1|6|0|5|2|,1|6|6|6|4|,1|5|0|2|3|,1|5|7|6|6|
King's Gambit Accepted,2|4|1|4|3|,2|4|6|4|4|,2|5|1|5|3|,2|4|4|5|3|,2|6|0|5|2|,2|6|6|6|4|,2|5|0|2|3|,2|5|7|6|6|
King's Gambit Accepted,1|4|1|4|3|,1|4|6|4|4|,1|5|1|5|3|,1|4|4|5|3|,1|6|0|5|2|,1|6|6|6|4|,1|7|1|7|3|
King's Gambit Accepted,2|4|1|4|3|,2|4|6|4|4|,2|5|1|5|3|,2|4|4|5|3|,2|6|0|5|2|,2|6|6|6|4|,2|7|1|7|3|
Ruy Lopez: Birds Defense,1|4|1|4|3|,1|4|6|4|4|,1|6|0|5|2|,1|1|7|2|5|,1|5|0|1|4|,1|2|5|3|3|
Ruy Lopez: Birds Defense,2|4|1|4|3|,2|4|6|4|4|,2|6|0|5|2|,2|1|7|2|5|,2|5|0|1|4|,2|2|5|3|3|
Ruy Lopez: Old Steinitz Defense,1|4|1|4|3|,1|4|6|4|4|,1|6|0|5|2|,1|1|7|2|5|,1|5|0|1|4|,1|3|6|3|5|
Ruy Lopez: Old Steinitz Defense,2|4|1|4|3|,2|4|6|4|4|,2|6|0|5|2|,2|1|7|2|5|,2|5|0|1|4|,2|3|6|3|5|
Ruy Lopez: Schliemann Defense,1|4|1|4|3|,1|4|6|4|4|,1|6|0|5|2|,1|1|7|2|5|,1|5|0|1|4|,1|5|6|5|4|
Ruy Lopez: Schliemann Defense,2|4|1|4|3|,2|4|6|4|4|,2|6|0|5|2|,2|1|7|2|5|,2|5|0|1|4|,2|5|6|5|4|
Ruy Lopez: Cordel Defense,1|4|1|4|3|,1|4|6|4|4|,1|6|0|5|2|,1|1|7|2|5|,1|5|0|1|4|,1|5|7|2|4|
Ruy Lopez: Cordel Defense,2|4|1|4|3|,2|4|6|4|4|,2|6|0|5|2|,2|1|7|2|5|,2|5|0|1|4|,2|5|7|2|4|
Ruy Lopez: Berlin Defense,1|4|1|4|3|,1|4|6|4|4|,1|6|0|5|2|,1|1|7|2|5|,1|5|0|1|4|,1|6|7|5|5|
Ruy Lopez: Berlin Defense,2|4|1|4|3|,2|4|6|4|4|,2|6|0|5|2|,2|1|7|2|5|,2|5|0|1|4|,2|6|7|5|5|
Ruy Lopez: Exchange Variation,1|4|1|4|3|,1|4|6|4|4|,1|6|0|5|2|,1|1|7|2|5|,1|5|0|1|4|,1|0|6|0|5|,1|1|4|2|5|
Ruy Lopez: Exchange Variation,2|4|1|4|3|,2|4|6|4|4|,2|6|0|5|2|,2|1|7|2|5|,2|5|0|1|4|,2|0|6|0|5|,2|1|4|2|5|
Ruy Lopez,1|4|1|4|3|,1|4|6|4|4|,1|6|0|5|2|,1|1|7|2|5|,1|5|0|1|4|,1|0|6|0|5|,1|1|4|0|3|
Ruy Lopez,2|4|1|4|3|,2|4|6|4|4|,2|6|0|5|2|,2|1|7|2|5|,2|5|0|1|4|,2|0|6|0|5|,2|1|4|0|3|
Ruy Lopez: Modern Steinitz Defense,1|4|1|4|3|,1|4|6|4|4|,1|6|0|5|2|,1|1|7|2|5|,1|5|0|1|4|,1|0|6|0|5|,1|1|4|0|3|,1|3|6|3|5|
Ruy Lopez: Modern Steinitz Defense,2|4|1|4|3|,2|4|6|4|4|,2|6|0|5|2|,2|1|7|2|5|,2|5|0|1|4|,2|0|6|0|5|,2|1|4|0|3|,2|3|6|3|5|
Ruy Lopez: Modern Steinitz Defense - Richter Variation,1|4|1|4|3|,1|4|6|4|4|,1|6|0|5|2|,1|1|7|2|5|,1|5|0|1|4|,1|0|6|0|5|,1|1|4|0|3|,1|3|6|3|5|,1|0|3|2|5|,1|1|6|2|5|,1|3|1|3|3|
Ruy Lopez: Modern Steinitz Defense - Richter Variation,2|4|1|4|3|,2|4|6|4|4|,2|6|0|5|2|,2|1|7|2|5|,2|5|0|1|4|,2|0|6|0|5|,2|1|4|0|3|,2|3|6|3|5|,2|0|3|2|5|,2|1|6|2|5|,2|3|1|3|3|
Ruy Lopez: Modern Steinitz Defense,1|4|1|4|3|,1|4|6|4|4|,1|6|0|5|2|,1|1|7|2|5|,1|5|0|1|4|,1|0|6|0|5|,1|1|4|0|3|,1|3|6|3|5|,1|2|1|2|2|
Ruy Lopez: Modern Steinitz Defense,2|4|1|4|3|,2|4|6|4|4|,2|6|0|5|2|,2|1|7|2|5|,2|5|0|1|4|,2|0|6|0|5|,2|1|4|0|3|,2|3|6|3|5|,2|2|1|2|2|
Ruy Lopez: Modern Steinitz Defense,1|4|1|4|3|,1|4|6|4|4|,1|6|0|5|2|,1|1|7|2|5|,1|5|0|1|4|,1|0|6|0|5|,1|1|4|0|3|,1|3|6|3|5|,1|2|1|2|2|,1|2|7|3|6|
Ruy Lopez: Modern Steinitz Defense,2|4|1|4|3|,2|4|6|4|4|,2|6|0|5|2|,2|1|7|2|5|,2|5|0|1|4|,2|0|6|0|5|,2|1|4|0|3|,2|3|6|3|5|,2|2|1|2|2|,2|2|7|3|6|
Ruy Lopez: Modern Steinitz Defense - Bronstein Variation,1|4|1|4|3|,1|4|6|4|4|,1|6|0|5|2|,1|1|7|2|5|,1|5|0|1|4|,1|0|6|0|5|,1|1|4|0|3|,1|3|6|3|5|,1|2|1|2|2|,1|2|7|3|6|,1|3|1|3|3|,1|6|6|6|5|
Ruy Lopez: Modern Steinitz Defense - Bronstein Variation,2|4|1|4|3|,2|4|6|4|4|,2|6|0|5|2|,2|1|7|2|5|,2|5|0|1|4|,2|0|6|0|5|,2|1|4|0|3|,2|3|6|3|5|,2|2|1|2|2|,2|2|7|3|6|,2|3|1|3|3|,2|6|6|6|5|
Ruy Lopez: Morphy Defense,1|4|1|4|3|,1|4|6|4|4|,1|6|0|5|2|,1|1|7|2|5|,1|5|0|1|4|,1|0|6|0|5|,1|1|4|0|3|,1|6|7|5|5|
Ruy Lopez: Morphy Defense,2|4|1|4|3|,2|4|6|4|4|,2|6|0|5|2|,2|1|7|2|5|,2|5|0|1|4|,2|0|6|0|5|,2|1|4|0|3|,2|6|7|5|5|
Bishops Opening,1|4|1|4|3|,1|4|6|4|4|,1|5|0|2|3|
Bishops Opening,2|4|1|4|3|,2|4|6|4|4|,2|5|0|2|3|
Bishops Opening: Berlin Defense,1|4|1|4|3|,1|4|6|4|4|,1|5|0|2|3|,1|6|7|5|5|
Bishops Opening: Berlin Defense,2|4|1|4|3|,2|4|6|4|4|,2|5|0|2|3|,2|6|7|5|5|
Center Game,1|4|1|4|3|,1|4|6|4|4|,1|3|1|3|3|,1|4|4|3|3|
Center Game,2|4|1|4|3|,2|4|6|4|4|,2|3|1|3|3|,2|4|4|3|3|
Kings Pawn Game,1|4|1|4|3|,1|4|6|4|4|
Kings Pawn Game,2|4|1|4|3|,2|4|6|4|4|
Center Game,1|4|1|4|3|,1|4|6|4|4|,1|3|1|3|3|,1|4|4|3|3|,1|3|0|3|3|,1|1|7|2|5|
Center Game,2|4|1|4|3|,2|4|6|4|4|,2|3|1|3|3|,2|4|4|3|3|,2|3|0|3|3|,2|1|7|2|5|
Modern Defense: Averbakh System,1|3|1|3|3|,1|3|6|3|5|,1|2|1|2|3|,1|6|6|6|5|,1|1|0|2|2|,1|5|7|6|6|,1|4|1|4|3|
Modern Defense: Averbakh System,2|3|1|3|3|,2|3|6|3|5|,2|2|1|2|3|,2|6|6|6|5|,2|1|0|2|2|,2|5|7|6|6|,2|4|1|4|3|
Old Benoni Defense,1|3|1|3|3|,1|2|6|2|4|,1|3|3|3|4|,1|4|6|4|4|
Old Benoni Defense,2|3|1|3|3|,2|2|6|2|4|,2|3|3|3|4|,2|4|6|4|4|
Budapest Defense,1|3|1|3|3|,1|6|7|5|5|,1|2|1|2|3|,1|4|6|4|4|,1|3|3|4|4|,1|5|5|6|3|
Budapest Defense,2|3|1|3|3|,2|6|7|5|5|,2|2|1|2|3|,2|4|6|4|4|,2|3|3|4|4|,2|5|5|6|3|
Budapest Defense Declined,1|3|1|3|3|,1|6|7|5|5|,1|2|1|2|3|,1|4|6|4|4|
Budapest Defense Declined,2|3|1|3|3|,2|6|7|5|5|,2|2|1|2|3|,2|4|6|4|4|
Benko Gambit: Accepted,1|3|1|3|3|,1|6|7|5|5|,1|2|1|2|3|,1|2|6|2|4|,1|3|3|3|4|,1|1|6|1|4|,1|2|3|1|4|,1|0|6|0|5|,1|1|4|0|5|
Benko Gambit: Accepted,2|3|1|3|3|,2|6|7|5|5|,2|2|1|2|3|,2|2|6|2|4|,2|3|3|3|4|,2|1|6|1|4|,2|2|3|1|4|,2|0|6|0|5|,2|1|4|0|5|
Benoni Defense: 6e4,1|3|1|3|3|,1|6|7|5|5|,1|2|1|2|3|,1|2|6|2|4|,1|3|3|3|4|,1|4|6|4|5|,1|1|0|2|2|,1|4|5|3|4|,1|2|3|3|4|,1|3|6|3|5|,1|4|1|4|3|
Benoni Defense: 6e4,2|3|1|3|3|,2|6|7|5|5|,2|2|1|2|3|,2|2|6|2|4|,2|3|3|3|4|,2|4|6|4|5|,2|1|0|2|2|,2|4|5|3|4|,2|2|3|3|4|,2|3|6|3|5|,2|4|1|4|3|
Benoni Defense: Pawn Storm Variation,1|3|1|3|3|,1|6|7|5|5|,1|2|1|2|3|,1|2|6|2|4|,1|3|3|3|4|,1|4|6|4|5|,1|1|0|2|2|,1|4|5|3|4|,1|2|3|3|4|,1|3|6|3|5|,1|4|1|4|3|,1|6|6|6|5|,1|5|1|5|3|
Benoni Defense: Pawn Storm Variation,2|3|1|3|3|,2|6|7|5|5|,2|2|1|2|3|,2|2|6|2|4|,2|3|3|3|4|,2|4|6|4|5|,2|1|0|2|2|,2|4|5|3|4|,2|2|3|3|4|,2|3|6|3|5|,2|4|1|4|3|,2|6|6|6|5|,2|5|1|5|3|
Benoni Defense: Taimanov Variation,1|3|1|3|3|,1|6|7|5|5|,1|2|1|2|3|,1|2|6|2|4|,1|3|3|3|4|,1|4|6|4|5|,1|1|0|2|2|,1|4|5|3|4|,1|2|3|3|4|,1|3|6|3|5|,1|4|1|4|3|,1|6|6|6|5|,1|5|1|5|3|,1|5|7|6|6|,1|5|0|1|4|
Benoni Defense: Taimanov Variation,2|3|1|3|3|,2|6|7|5|5|,2|2|1|2|3|,2|2|6|2|4|,2|3|3|3|4|,2|4|6|4|5|,2|1|0|2|2|,2|4|5|3|4|,2|2|3|3|4|,2|3|6|3|5|,2|4|1|4|3|,2|6|6|6|5|,2|5|1|5|3|,2|5|7|6|6|,2|5|0|1|4|
Benoni: Classical e4 and Nf3,1|3|1|3|3|,1|6|7|5|5|,1|2|1|2|3|,1|2|6|2|4|,1|3|3|3|4|,1|4|6|4|5|,1|1|0|2|2|,1|4|5|3|4|,1|2|3|3|4|,1|3|6|3|5|,1|4|1|4|3|,1|6|6|6|5|,1|6|0|5|2|
Benoni: Classical e4 and Nf3,2|3|1|3|3|,2|6|7|5|5|,2|2|1|2|3|,2|2|6|2|4|,2|3|3|3|4|,2|4|6|4|5|,2|1|0|2|2|,2|4|5|3|4|,2|2|3|3|4|,2|3|6|3|5|,2|4|1|4|3|,2|6|6|6|5|,2|6|0|5|2|
Benoni: Classical 8.Bg5,1|3|1|3|3|,1|6|7|5|5|,1|2|1|2|3|,1|2|6|2|4|,1|3|3|3|4|,1|4|6|4|5|,1|1|0|2|2|,1|4|5|3|4|,1|2|3|3|4|,1|3|6|3|5|,1|4|1|4|3|,1|6|6|6|5|,1|6|0|5|2|,1|5|7|6|6|,1|2|0|6|4|
Benoni: Classical 8.Bg5,2|3|1|3|3|,2|6|7|5|5|,2|2|1|2|3|,2|2|6|2|4|,2|3|3|3|4|,2|4|6|4|5|,2|1|0|2|2|,2|4|5|3|4|,2|2|3|3|4|,2|3|6|3|5|,2|4|1|4|3|,2|6|6|6|5|,2|6|0|5|2|,2|5|7|6|6|,2|2|0|6|4|
Dutch Defense,1|3|1|3|3|,1|5|6|5|4|,1|6|1|6|2|
Dutch Defense,2|3|1|3|3|,2|5|6|5|4|,2|6|1|6|2|
Dutch Defense: Staunton Gambit,1|3|1|3|3|,1|5|6|5|4|,1|4|1|4|3|
Dutch Defense: Staunton Gambit,2|3|1|3|3|,2|5|6|5|4|,2|4|1|4|3|
Dutch Defense: Staunton Gambit - Stauntons Line,1|3|1|3|3|,1|5|6|5|4|,1|4|1|4|3|,1|5|4|4|3|,1|1|0|2|2|,1|6|7|5|5|,1|2|0|6|4|
Dutch Defense: Staunton Gambit - Stauntons Line,2|3|1|3|3|,2|5|6|5|4|,2|4|1|4|3|,2|5|4|4|3|,2|1|0|2|2|,2|6|7|5|5|,2|2|0|6|4|
Dutch Defense,1|3|1|3|3|,1|5|6|5|4|,1|2|1|2|3|
Dutch Defense,2|3|1|3|3|,2|5|6|5|4|,2|2|1|2|3|
Dutch Defense: Leningrad - Main Variation,1|3|1|3|3|,1|5|6|5|4|,1|2|1|2|3|,1|6|7|5|5|,1|6|1|6|2|,1|6|6|6|5|,1|5|0|6|1|,1|5|7|6|6|,1|6|0|5|2|
Dutch Defense: Leningrad - Main Variation,2|3|1|3|3|,2|5|6|5|4|,2|2|1|2|3|,2|6|7|5|5|,2|6|1|6|2|,2|6|6|6|5|,2|5|0|6|1|,2|5|7|6|6|,2|6|0|5|2|
Dutch Defense,1|3|1|3|3|,1|5|6|5|4|,1|2|1|2|3|,1|6|7|5|5|,1|6|1|6|2|,1|4|6|4|5|,1|5|0|6|1|
Dutch Defense,2|3|1|3|3|,2|5|6|5|4|,2|2|1|2|3|,2|6|7|5|5|,2|6|1|6|2|,2|4|6|4|5|,2|5|0|6|1|
Dutch Defense,1|3|1|3|3|,1|5|6|5|4|,1|2|1|2|3|,1|6|7|5|5|,1|6|1|6|2|,1|4|6|4|5|,1|5|0|6|1|,1|5|7|4|6|
Dutch Defense,2|3|1|3|3|,2|5|6|5|4|,2|2|1|2|3|,2|6|7|5|5|,2|6|1|6|2|,2|4|6|4|5|,2|5|0|6|1|,2|5|7|4|6|
Richter-Veresov Attack,1|3|1|3|3|,1|3|6|3|4|,1|1|0|2|2|,1|6|7|5|5|,1|2|0|6|4|
Richter-Veresov Attack,2|3|1|3|3|,2|3|6|3|4|,2|1|0|2|2|,2|6|7|5|5|,2|2|0|6|4|
Queens Pawn Game,1|3|1|3|3|,1|3|6|3|4|,1|6|0|5|2|
Queens Pawn Game,2|3|1|3|3|,2|3|6|3|4|,2|6|0|5|2|
Torre Attack: Tartakower Variation,1|3|1|3|3|,1|3|6|3|4|,1|6|0|5|2|,1|6|7|5|5|,1|2|0|6|4|
Torre Attack: Tartakower Variation,2|3|1|3|3|,2|3|6|3|4|,2|6|0|5|2|,2|6|7|5|5|,2|2|0|6|4|
Queens Pawn Game,1|3|1|3|3|,1|3|6|3|4|,1|6|0|5|2|,1|6|7|5|5|,1|4|1|4|2|
Queens Pawn Game,2|3|1|3|3|,2|3|6|3|4|,2|6|0|5|2|,2|6|7|5|5|,2|4|1|4|2|
Queens Pawn Game,1|3|1|3|3|,1|3|6|3|4|,1|6|0|5|2|,1|6|7|5|5|,1|4|1|4|2|,1|4|6|4|5|
Queens Pawn Game,2|3|1|3|3|,2|3|6|3|4|,2|6|0|5|2|,2|6|7|5|5|,2|4|1|4|2|,2|4|6|4|5|
Queens Gambit Declined: Chigorin Defense,1|3|1|3|3|,1|3|6|3|4|,1|2|1|2|3|,1|1|7|2|5|
Queens Gambit Declined: Chigorin Defense,2|3|1|3|3|,2|3|6|3|4|,2|2|1|2|3|,2|1|7|2|5|
Queens Gambit Declined: Albin Counter-Gambit,1|3|1|3|3|,1|3|6|3|4|,1|2|1|2|3|,1|4|6|4|4|
Queens Gambit Declined: Albin Counter-Gambit,2|3|1|3|3|,2|3|6|3|4|,2|2|1|2|3|,2|4|6|4|4|
Queens Gambit Declined: Albin Counter-Gambit 5g3,1|3|1|3|3|,1|3|6|3|4|,1|2|1|2|3|,1|4|6|4|4|,1|3|3|4|4|,1|3|6|3|5|,1|6|0|5|2|,1|1|7|2|5|,1|6|1|6|2|
Queens Gambit Declined: Albin Counter-Gambit 5g3,2|3|1|3|3|,2|3|6|3|4|,2|2|1|2|3|,2|4|6|4|4|,2|3|3|4|4|,2|3|6|3|5|,2|6|0|5|2|,2|1|7|2|5|,2|6|1|6|2|
Slav Defense: Exchange Variation,1|3|1|3|3|,1|3|6|3|4|,1|2|1|2|3|,1|2|6|2|5|,1|6|0|5|2|,1|6|7|5|5|,1|2|3|3|4|,1|2|5|3|4|
Slav Defense: Exchange Variation,2|3|1|3|3|,2|3|6|3|4|,2|2|1|2|3|,2|2|6|2|5|,2|6|0|5|2|,2|6|7|5|5|,2|2|3|3|4|,2|2|5|3|4|
Slav Defense: Exchange Variation 6bf4 bf5,1|3|1|3|3|,1|3|6|3|4|,1|2|1|2|3|,1|2|6|2|5|,1|6|0|5|2|,1|6|7|5|5|,1|2|3|3|4|,1|2|5|3|4|,1|1|0|2|2|,1|1|7|2|5|,1|2|0|5|3|,1|2|7|5|4|
Slav Defense: Exchange Variation 6bf4 bf5,2|3|1|3|3|,2|3|6|3|4|,2|2|1|2|3|,2|2|6|2|5|,2|6|0|5|2|,2|6|7|5|5|,2|2|3|3|4|,2|2|5|3|4|,2|1|0|2|2|,2|1|7|2|5|,2|2|0|5|3|,2|2|7|5|4|
Slav Defense: Dutch Variation,1|3|1|3|3|,1|3|6|3|4|,1|2|1|2|3|,1|2|6|2|5|,1|6|0|5|2|,1|6|7|5|5|,1|1|0|2|2|,1|3|4|2|3|,1|0|1|0|3|,1|2|7|5|4|,1|4|1|4|2|
Slav Defense: Dutch Variation,2|3|1|3|3|,2|3|6|3|4|,2|2|1|2|3|,2|2|6|2|5|,2|6|0|5|2|,2|6|7|5|5|,2|1|0|2|2|,2|3|4|2|3|,2|0|1|0|3|,2|2|7|5|4|,2|4|1|4|2|
Queens Gambit Declined Slav: Czech Defense,1|3|1|3|3|,1|3|6|3|4|,1|2|1|2|3|,1|2|6|2|5|,1|6|0|5|2|,1|6|7|5|5|,1|1|0|2|2|,1|3|4|2|3|,1|0|1|0|3|,1|2|7|5|4|
Queens Gambit Declined Slav: Czech Defense,2|3|1|3|3|,2|3|6|3|4|,2|2|1|2|3|,2|2|6|2|5|,2|6|0|5|2|,2|6|7|5|5|,2|1|0|2|2|,2|3|4|2|3|,2|0|1|0|3|,2|2|7|5|4|
Slav Defense: Dutch Variation,1|3|1|3|3|,1|3|6|3|4|,1|2|1|2|3|,1|2|6|2|5|,1|6|0|5|2|,1|6|7|5|5|,1|1|0|2|2|,1|3|4|2|3|,1|0|1|0|3|,1|2|7|5|4|,1|4|1|4|2|,1|4|6|4|5|,1|5|0|2|3|,1|5|7|1|3|,1|kw
Slav Defense: Dutch Variation,2|3|1|3|3|,2|3|6|3|4|,2|2|1|2|3|,2|2|6|2|5|,2|6|0|5|2|,2|6|7|5|5|,2|1|0|2|2|,2|3|4|2|3|,2|0|1|0|3|,2|2|7|5|4|,2|4|1|4|2|,2|4|6|4|5|,2|5|0|2|3|,2|5|7|1|3|,2|kw
Queen's Gambit Accepted: Classical Variation,1|3|1|3|3|,1|3|6|3|4|,1|2|1|2|3|,1|3|4|2|3|,1|6|0|5|2|,1|6|7|5|5|,1|4|1|4|2|,1|4|6|4|5|,1|5|0|2|3|,1|2|6|2|4|,1|kw,1|0|6|0|5|
Queen's Gambit Accepted: Classical Variation,2|3|1|3|3|,2|3|6|3|4|,2|2|1|2|3|,2|3|4|2|3|,2|6|0|5|2|,2|6|7|5|5|,2|4|1|4|2|,2|4|6|4|5|,2|5|0|2|3|,2|2|6|2|4|,2|kw,2|0|6|0|5|
Queen's Gambit Accepted: Classical Variation,1|3|1|3|3|,1|3|6|3|4|,1|2|1|2|3|,1|3|4|2|3|,1|6|0|5|2|,1|6|7|5|5|,1|4|1|4|2|,1|4|6|4|5|,1|5|0|2|3|,1|2|6|2|4|,1|kw,1|0|6|0|5|,1|4|0|5|1|
Queen's Gambit Accepted: Classical Variation,2|3|1|3|3|,2|3|6|3|4|,2|2|1|2|3|,2|3|4|2|3|,2|6|0|5|2|,2|6|7|5|5|,2|4|1|4|2|,2|4|6|4|5|,2|5|0|2|3|,2|2|6|2|4|,2|kw,2|0|6|0|5|,2|4|0|5|1|
Queen's Gambit Accepted: Classical Variation,1|3|1|3|3|,1|3|6|3|4|,1|2|1|2|3|,1|3|4|2|3|,1|6|0|5|2|,1|6|7|5|5|,1|4|1|4|2|,1|4|6|4|5|,1|5|0|2|3|,1|2|6|2|4|,1|kw,1|0|6|0|5|,1|4|0|5|1|,1|1|6|1|4|,1|2|3|1|2|,1|2|7|1|6|
Queen's Gambit Accepted: Classical Variation,2|3|1|3|3|,2|3|6|3|4|,2|2|1|2|3|,2|3|4|2|3|,2|6|0|5|2|,2|6|7|5|5|,2|4|1|4|2|,2|4|6|4|5|,2|5|0|2|3|,2|2|6|2|4|,2|kw,2|0|6|0|5|,2|4|0|5|1|,2|1|6|1|4|,2|2|3|1|2|,2|2|7|1|6|
Tarrasch: Prague Variation,1|3|1|3|3|,1|3|6|3|4|,1|2|1|2|3|,1|4|6|4|5|,1|1|0|2|2|,1|2|6|2|4|,1|2|3|3|4|,1|4|5|3|4|,1|6|0|5|2|,1|1|7|2|5|,1|6|1|6|2|,1|6|7|5|5|,1|5|0|6|1|,1|5|7|4|6|
Tarrasch: Prague Variation,2|3|1|3|3|,2|3|6|3|4|,2|2|1|2|3|,2|4|6|4|5|,2|1|0|2|2|,2|2|6|2|4|,2|2|3|3|4|,2|4|5|3|4|,2|6|0|5|2|,2|1|7|2|5|,2|6|1|6|2|,2|6|7|5|5|,2|5|0|6|1|,2|5|7|4|6|
Queen's Gambit Declined: Exchange Variation Positional Line,1|3|1|3|3|,1|3|6|3|4|,1|2|1|2|3|,1|4|6|4|5|,1|1|0|2|2|,1|6|7|5|5|,1|2|3|3|4|,1|4|5|3|4|,1|2|0|6|4|,1|2|6|2|5|,1|4|0|3|1|
Queen's Gambit Declined: Exchange Variation Positional Line,2|3|1|3|3|,2|3|6|3|4|,2|2|1|2|3|,2|4|6|4|5|,2|1|0|2|2|,2|6|7|5|5|,2|2|3|3|4|,2|4|5|3|4|,2|2|0|6|4|,2|2|6|2|5|,2|4|0|3|1|
Queen's Gambit Declined: Ragozin Variation,1|3|1|3|3|,1|3|6|3|4|,1|2|1|2|3|,1|4|6|4|5|,1|1|0|2|2|,1|6|7|5|5|,1|6|0|5|2|,1|5|7|1|3|
Queen's Gambit Declined: Ragozin Variation,2|3|1|3|3|,2|3|6|3|4|,2|2|1|2|3|,2|4|6|4|5|,2|1|0|2|2|,2|6|7|5|5|,2|6|0|5|2|,2|5|7|1|3|
Queen's Gambit Declined: Ragozin - Vienna Variation,1|3|1|3|3|,1|3|6|3|4|,1|2|1|2|3|,1|4|6|4|5|,1|1|0|2|2|,1|6|7|5|5|,1|6|0|5|2|,1|5|7|1|3|,1|2|0|6|4|,1|3|4|2|3|
Queen's Gambit Declined: Ragozin - Vienna Variation,2|3|1|3|3|,2|3|6|3|4|,2|2|1|2|3|,2|4|6|4|5|,2|1|0|2|2|,2|6|7|5|5|,2|6|0|5|2|,2|5|7|1|3|,2|2|0|6|4|,2|3|4|2|3|
Queen's Gambit Declined: Semi-Tarrasch,1|3|1|3|3|,1|3|6|3|4|,1|2|1|2|3|,1|4|6|4|5|,1|1|0|2|2|,1|6|7|5|5|,1|6|0|5|2|,1|2|6|2|4|,1|2|3|3|4|
Queen's Gambit Declined: Semi-Tarrasch,2|3|1|3|3|,2|3|6|3|4|,2|2|1|2|3|,2|4|6|4|5|,2|1|0|2|2|,2|6|7|5|5|,2|6|0|5|2|,2|2|6|2|4|,2|2|3|3|4|
Queen's Gambit Declined: Semi-Tarrasch,1|3|1|3|3|,1|3|6|3|4|,1|2|1|2|3|,1|4|6|4|5|,1|1|0|2|2|,1|5|7|5|5|,1|6|0|5|2|,1|2|6|2|4|,1|2|3|3|4|,1|5|5|3|4|,1|4|1|4|2|,1|1|7|2|5|,1|5|0|3|2|
Queen's Gambit Declined: Semi-Tarrasch,2|3|1|3|3|,2|3|6|3|4|,2|2|1|2|3|,2|4|6|4|5|,2|1|0|2|2|,2|5|7|5|5|,2|6|0|5|2|,2|2|6|2|4|,2|2|3|3|4|,2|5|5|3|4|,2|4|1|4|2|,2|1|7|2|5|,2|5|0|3|2|
Queen's Gambit Declined: Semi-Slav,1|3|1|3|3|,1|3|6|3|4|,1|2|1|2|3|,1|4|6|4|5|,1|1|0|2|2|,1|6|7|5|5|,1|6|0|5|2|,1|2|6|2|5|,1|4|1|4|2|,1|1|7|3|6|,1|5|0|3|2|,1|3|4|2|3|,1|3|2|2|3|
Queen's Gambit Declined: Semi-Slav,2|3|1|3|3|,2|3|6|3|4|,2|2|1|2|3|,2|4|6|4|5|,2|1|0|2|2|,2|6|7|5|5|,2|6|0|5|2|,2|2|6|2|5|,2|4|1|4|2|,2|1|7|3|6|,2|5|0|3|2|,2|3|4|2|3|,2|3|2|2|3|
Semi-Slav: Meran - Blumenfeld Variation,1|3|1|3|3|,1|3|6|3|4|,1|2|1|2|3|,1|4|6|4|5|,1|1|0|2|2|,1|6|7|5|5|,1|6|0|5|2|,1|2|6|2|5|,1|4|1|4|2|,1|1|7|3|6|,1|5|0|3|2|,1|3|4|2|3|,1|3|2|2|3|,1|1|6|1|4|,1|2|3|3|2|,1|0|6|0|5|,1|4|2|4|3|,1|2|5|2|4|,1|4|3|4|4|,1|2|4|3|3|,1|2|2|1|4|
Semi-Slav: Meran - Blumenfeld Variation,2|3|1|3|3|,2|3|6|3|4|,2|2|1|2|3|,2|4|6|4|5|,2|1|0|2|2|,2|6|7|5|5|,2|6|0|5|2|,2|2|6|2|5|,2|4|1|4|2|,2|1|7|3|6|,2|5|0|3|2|,2|3|4|2|3|,2|3|2|2|3|,2|1|6|1|4|,2|2|3|3|2|,2|0|6|0|5|,2|4|2|4|3|,2|2|5|2|4|,2|4|3|4|4|,2|2|4|3|3|,2|2|2|1|4|
Queen's Gambit Declined,1|3|1|3|3|,1|3|6|3|4|,1|2|1|2|3|,1|4|6|4|5|,1|1|0|2|2|,1|6|7|5|5|,1|2|0|6|4|,1|1|7|3|6|
Queen's Gambit Declined,2|3|1|3|3|,2|3|6|3|4|,2|2|1|2|3|,2|4|6|4|5|,2|1|0|2|2|,2|6|7|5|5|,2|2|0|6|4|,2|1|7|3|6|
Queen's Gambit Declined: Anti-Neo-Orthodox Variation,1|3|1|3|3|,1|3|6|3|4|,1|2|1|2|3|,1|4|6|4|5|,1|1|0|2|2|,1|6|7|5|5|,1|2|0|6|4|,1|5|7|4|6|,1|4|1|4|2|,1|kb,1|0|0|2|0|
Queen's Gambit Declined: Anti-Neo-Orthodox Variation,2|3|1|3|3|,2|3|6|3|4|,2|2|1|2|3|,2|4|6|4|5|,2|1|0|2|2|,2|6|7|5|5|,2|2|0|6|4|,2|5|7|4|6|,2|4|1|4|2|,2|kb,2|0|0|2|0|
Queen's Gambit Declined,1|3|1|3|3|,1|3|6|3|4|,1|2|1|2|3|,1|4|6|4|5|,1|1|0|2|2|,1|6|7|5|5|,1|2|0|6|4|,1|5|7|4|6|,1|4|1|4|2|,1|kb,1|6|0|5|2|
Queen's Gambit Declined,2|3|1|3|3|,2|3|6|3|4|,2|2|1|2|3|,2|4|6|4|5|,2|1|0|2|2|,2|6|7|5|5|,2|2|0|6|4|,2|5|7|4|6|,2|4|1|4|2|,2|kb,2|6|0|5|2|
Queen's Gambit Declined: Lasker Defense - Main Line,1|3|1|3|3|,1|3|6|3|4|,1|2|1|2|3|,1|4|6|4|5|,1|1|0|2|2|,1|6|7|5|5|,1|2|0|6|4|,1|5|7|4|6|,1|4|1|4|2|,1|kb,1|6|0|5|2|,1|7|6|7|5|,1|6|4|7|3|,1|5|5|4|3|,1|7|3|4|6|,1|3|7|4|6|,1|2|3|3|4|,1|4|3|2|2|,1|1|1|2|2|
Queen's Gambit Declined: Lasker Defense - Main Line,2|3|1|3|3|,2|3|6|3|4|,2|2|1|2|3|,2|4|6|4|5|,2|1|0|2|2|,2|6|7|5|5|,2|2|0|6|4|,2|5|7|4|6|,2|4|1|4|2|,2|kb,2|6|0|5|2|,2|7|6|7|5|,2|6|4|7|3|,2|5|5|4|3|,2|7|3|4|6|,2|3|7|4|6|,2|2|3|3|4|,2|4|3|2|2|,2|1|1|2|2|
Queen's Gambit Declined: Makagonov-Bondarevsky System,1|3|1|3|3|,1|3|6|3|4|,1|2|1|2|3|,1|4|6|4|5|,1|1|0|2|2|,1|6|7|5|5|,1|2|0|6|4|,1|5|7|4|6|,1|4|1|4|2|,1|kb,1|6|0|5|2|,1|7|6|7|5|,1|6|4|7|3|,1|1|6|1|5|,1|2|3|3|4|,1|5|5|3|4|
Queen's Gambit Declined: Makagonov-Bondarevsky System,2|3|1|3|3|,2|3|6|3|4|,2|2|1|2|3|,2|4|6|4|5|,2|1|0|2|2|,2|6|7|5|5|,2|2|0|6|4|,2|5|7|4|6|,2|4|1|4|2|,2|kb,2|6|0|5|2|,2|7|6|7|5|,2|6|4|7|3|,2|1|6|1|5|,2|2|3|3|4|,2|5|5|3|4|
Orthodox Defense: Rubinstein Variation,1|3|1|3|3|,1|3|6|3|4|,1|2|1|2|3|,1|4|6|4|5|,1|1|0|2|2|,1|6|7|5|5|,1|2|0|6|4|,1|5|7|4|6|,1|4|1|4|2|,1|kb,1|6|0|5|2|,1|1|7|3|6|,1|3|0|2|1|
Orthodox Defense: Rubinstein Variation,2|3|1|3|3|,2|3|6|3|4|,2|2|1|2|3|,2|4|6|4|5|,2|1|0|2|2|,2|6|7|5|5|,2|2|0|6|4|,2|5|7|4|6|,2|4|1|4|2|,2|kb,2|6|0|5|2|,2|1|7|3|6|,2|3|0|2|1|
Queen's Gambit Declined: Orthodox Defense,1|3|1|3|3|,1|3|6|3|4|,1|2|1|2|3|,1|4|6|4|5|,1|1|0|2|2|,1|6|7|5|5|,1|2|0|6|4|,1|5|7|4|6|,1|4|1|4|2|,1|kb,1|6|0|5|2|,1|1|7|3|6|,1|3|0|2|1|,1|2|6|2|4|,1|2|3|3|4|
Queen's Gambit Declined: Orthodox Defense,2|3|1|3|3|,2|3|6|3|4|,2|2|1|2|3|,2|4|6|4|5|,2|1|0|2|2|,2|6|7|5|5|,2|2|0|6|4|,2|5|7|4|6|,2|4|1|4|2|,2|kb,2|6|0|5|2|,2|1|7|3|6|,2|3|0|2|1|,2|2|6|2|4|,2|2|3|3|4|
Orthodox Defense: Rubinstein Attack - Main Line,1|3|1|3|3|,1|3|6|3|4|,1|2|1|2|3|,1|4|6|4|5|,1|1|0|2|2|,1|6|7|5|5|,1|2|0|6|4|,1|5|7|4|6|,1|4|1|4|2|,1|kb,1|6|0|5|2|,1|1|7|3|6|,1|0|0|2|0|,1|2|6|2|5|,1|3|0|2|1|,1|0|6|0|5|,1|2|3|3|4|
Orthodox Defense: Rubinstein Attack - Main Line,2|3|1|3|3|,2|3|6|3|4|,2|2|1|2|3|,2|4|6|4|5|,2|1|0|2|2|,2|6|7|5|5|,2|2|0|6|4|,2|5|7|4|6|,2|4|1|4|2|,2|kb,2|6|0|5|2|,2|1|7|3|6|,2|0|0|2|0|,2|2|6|2|5|,2|3|0|2|1|,2|0|6|0|5|,2|2|3|3|4|
Orthodox Defense: Bd3 Capablanca Freeing Maneuver,1|3|1|3|3|,1|3|6|3|4|,1|2|1|2|3|,1|4|6|4|5|,1|1|0|2|2|,1|6|7|5|5|,1|2|0|6|4|,1|5|7|4|6|,1|4|1|4|2|,1|kb,1|6|0|5|2|,1|1|7|3|6|,1|0|0|2|0|,1|2|6|2|5|,1|5|0|3|2|,1|3|4|2|3|,1|3|2|2|3|,1|5|5|3|4|
Orthodox Defense: Bd3 Capablanca Freeing Maneuver,2|3|1|3|3|,2|3|6|3|4|,2|2|1|2|3|,2|4|6|4|5|,2|1|0|2|2|,2|6|7|5|5|,2|2|0|6|4|,2|5|7|4|6|,2|4|1|4|2|,2|kb,2|6|0|5|2|,2|1|7|3|6|,2|0|0|2|0|,2|2|6|2|5|,2|5|0|3|2|,2|3|4|2|3|,2|3|2|2|3|,2|5|5|3|4|
Orthodox Defense: Classical Variation,1|3|1|3|3|,1|3|6|3|4|,1|2|1|2|3|,1|4|6|4|5|,1|1|0|2|2|,1|6|7|5|5|,1|2|0|6|4|,1|5|7|4|6|,1|4|1|4|2|,1|kb,1|6|0|5|2|,1|1|7|3|6|,1|0|0|2|0|,1|2|6|2|5|,1|5|0|3|2|,1|3|4|2|3|,1|3|2|2|3|,1|5|5|3|4|,1|6|4|4|6|,1|3|7|4|6|,1|kw,1|3|4|2|2|,1|2|0|2|2|,1|4|6|4|4|
Orthodox Defense: Classical Variation,2|3|1|3|3|,2|3|6|3|4|,2|2|1|2|3|,2|4|6|4|5|,2|1|0|2|2|,2|6|7|5|5|,2|2|0|6|4|,2|5|7|4|6|,2|4|1|4|2|,2|kb,2|6|0|5|2|,2|1|7|3|6|,2|0|0|2|0|,2|2|6|2|5|,2|5|0|3|2|,2|3|4|2|3|,2|3|2|2|3|,2|5|5|3|4|,2|6|4|4|6|,2|3|7|4|6|,2|kw,2|3|4|2|2|,2|2|0|2|2|,2|4|6|4|4|
Orthodox Defense: Classical Variation,1|3|1|3|3|,1|3|6|3|4|,1|2|1|2|3|,1|4|6|4|5|,1|1|0|2|2|,1|6|7|5|5|,1|2|0|6|4|,1|5|7|4|6|,1|4|1|4|2|,1|kb,1|6|0|5|2|,1|1|7|3|6|,1|0|0|2|0|,1|2|6|2|5|,1|5|0|3|2|,1|3|4|2|3|,1|3|2|2|3|,1|5|5|3|4|,1|6|4|4|6|,1|3|7|4|6|,1|kw,1|3|4|2|2|,1|2|0|2|2|,1|4|5|4|4|,1|3|3|4|4|,1|3|6|4|4|,1|5|2|4|4|,1|4|6|4|4|
Orthodox Defense: Classical Variation,2|3|1|3|3|,2|3|6|3|4|,2|2|1|2|3|,2|4|6|4|5|,2|1|0|2|2|,2|6|7|5|5|,2|2|0|6|4|,2|5|7|4|6|,2|4|1|4|2|,2|kb,2|6|0|5|2|,2|1|7|3|6|,2|0|0|2|0|,2|2|6|2|5|,2|5|0|3|2|,2|3|4|2|3|,2|3|2|2|3|,2|5|5|3|4|,2|6|4|4|6|,2|3|7|4|6|,2|kw,2|3|4|2|2|,2|2|0|2|2|,2|4|5|4|4|,2|3|3|4|4|,2|3|6|4|4|,2|5|2|4|4|,2|4|6|4|4|
Neo-Gruenfeld Defense,1|3|1|3|3|,1|6|7|5|5|,1|2|1|2|3|,1|6|6|6|5|,1|5|1|5|2|,1|3|6|3|4|
Neo-Gruenfeld Defense,2|3|1|3|3|,2|6|7|5|5|,2|2|1|2|3|,2|6|6|6|5|,2|5|1|5|2|,2|3|6|3|4|
Neo-Gruenfeld,1|3|1|3|3|,1|6|7|5|5|,1|2|1|2|3|,1|6|6|6|5|,1|6|1|6|2|,1|3|6|3|4|,1|5|0|6|1|,1|5|7|6|6|,1|2|3|3|4|,1|5|5|3|4|
Neo-Gruenfeld,2|3|1|3|3|,2|6|7|5|5|,2|2|1|2|3|,2|6|6|6|5|,2|6|1|6|2|,2|3|6|3|4|,2|5|0|6|1|,2|5|7|6|6|,2|2|3|3|4|,2|5|5|3|4|
Neo-Gruenfeld: Main Line,1|3|1|3|3|,1|6|7|5|5|,1|2|1|2|3|,1|6|6|6|5|,1|6|1|6|2|,1|3|6|3|4|,1|5|0|6|1|,1|5|7|6|6|,1|2|3|3|4|,1|5|5|3|4|,1|4|1|4|3|,1|3|4|1|5|,1|6|0|4|1|
Neo-Gruenfeld: Main Line,2|3|1|3|3|,2|6|7|5|5|,2|2|1|2|3|,2|6|6|6|5|,2|6|1|6|2|,2|3|6|3|4|,2|5|0|6|1|,2|5|7|6|6|,2|2|3|3|4|,2|5|5|3|4|,2|4|1|4|3|,2|3|4|1|5|,2|6|0|4|1|
Neo-Gruenfeld Defense,1|3|1|3|3|,1|6|7|5|5|,1|2|1|2|3|,1|6|6|6|5|,1|6|1|6|2|,1|3|6|3|4|,1|5|0|6|1|,1|5|7|6|6|,1|6|0|5|2|
Neo-Gruenfeld Defense,2|3|1|3|3|,2|6|7|5|5|,2|2|1|2|3|,2|6|6|6|5|,2|6|1|6|2|,2|3|6|3|4|,2|5|0|6|1|,2|5|7|6|6|,2|6|0|5|2|
Neo-Gruenfeld Defense,1|3|1|3|3|,1|6|7|5|5|,1|2|1|2|3|,1|6|6|6|5|,1|6|1|6|2|,1|3|6|3|4|,1|5|0|6|1|,1|5|7|6|6|,1|6|0|5|2|,1|kb,1|2|3|3|4|,1|5|5|3|4|,1|kw,1|2|6|2|4|,1|1|0|2|2|
Neo-Gruenfeld Defense,2|3|1|3|3|,2|6|7|5|5|,2|2|1|2|3|,2|6|6|6|5|,2|6|1|6|2|,2|3|6|3|4|,2|5|0|6|1|,2|5|7|6|6|,2|6|0|5|2|,2|kb,2|2|3|3|4|,2|5|5|3|4|,2|kw,2|2|6|2|4|,2|1|0|2|2|
Neo-Gruenfeld 6.O-O: Main Line,1|3|1|3|3|,1|6|7|5|5|,1|2|1|2|3|,1|6|6|6|5|,1|6|1|6|2|,1|3|6|3|4|,1|5|0|6|1|,1|5|7|6|6|,1|6|0|5|2|,1|kb,1|kw,1|2|6|2|5|,1|2|3|3|4|,1|2|5|3|4|
Neo-Gruenfeld 6.O-O: Main Line,2|3|1|3|3|,2|6|7|5|5|,2|2|1|2|3|,2|6|6|6|5|,2|6|1|6|2|,2|3|6|3|4|,2|5|0|6|1|,2|5|7|6|6|,2|6|0|5|2|,2|kb,2|kw,2|2|6|2|5|,2|2|3|3|4|,2|2|5|3|4|
Gruenfeld Defense: Russian Variation,1|3|1|3|3|,1|6|7|5|5|,1|2|1|2|3|,1|6|6|6|5|,1|1|0|2|2|,1|3|6|3|4|,1|3|0|1|2|
Gruenfeld Defense: Russian Variation,2|3|1|3|3|,2|6|7|5|5|,2|2|1|2|3|,2|6|6|6|5|,2|1|0|2|2|,2|3|6|3|4|,2|3|0|1|2|
Gruenfeld Defense,1|3|1|3|3|,1|6|7|5|5|,1|2|1|2|3|,1|6|6|6|5|,1|1|0|2|2|,1|3|6|3|4|,1|2|0|5|3|
Gruenfeld Defense,2|3|1|3|3|,2|6|7|5|5|,2|2|1|2|3|,2|6|6|6|5|,2|1|0|2|2|,2|3|6|3|4|,2|2|0|5|3|
Gruenfeld Defense: Gruenfeld Gambit,1|3|1|3|3|,1|6|7|5|5|,1|2|1|2|3|,1|6|6|6|5|,1|1|0|2|2|,1|3|6|3|4|,1|2|0|5|3|,1|5|7|6|6|,1|4|1|4|2|,1|kb
Gruenfeld Defense: Gruenfeld Gambit,2|3|1|3|3|,2|6|7|5|5|,2|2|1|2|3|,2|6|6|6|5|,2|1|0|2|2|,2|3|6|3|4|,2|2|0|5|3|,2|5|7|6|6|,2|4|1|4|2|,2|kb
Gruenfeld Gambit Accepted,1|3|1|3|3|,1|6|7|5|5|,1|2|1|2|3|,1|6|6|6|5|,1|1|0|2|2|,1|3|6|3|4|,1|2|0|5|3|,1|5|7|6|6|,1|4|1|4|2|,1|kb,1|2|3|3|4|,1|5|5|3|4|,1|2|2|3|4|,1|3|7|3|4|,1|5|3|2|6|
Gruenfeld Gambit Accepted,2|3|1|3|3|,2|6|7|5|5|,2|2|1|2|3|,2|6|6|6|5|,2|1|0|2|2|,2|3|6|3|4|,2|2|0|5|3|,2|5|7|6|6|,2|4|1|4|2|,2|kb,2|2|3|3|4|,2|5|5|3|4|,2|2|2|3|4|,2|3|7|3|4|,2|5|3|2|6|
Gruenfeld Defense: Exchange Variation,1|3|1|3|3|,1|6|7|5|5|,1|2|1|2|3|,1|6|6|6|5|,1|1|0|2|2|,1|3|6|3|4|,1|2|3|3|4|,1|5|5|3|4|
Gruenfeld Defense: Exchange Variation,2|3|1|3|3|,2|6|7|5|5|,2|2|1|2|3|,2|6|6|6|5|,2|1|0|2|2|,2|3|6|3|4|,2|2|3|3|4|,2|5|5|3|4|
Gruenfeld Exchange: Classical Variation,1|3|1|3|3|,1|6|7|5|5|,1|2|1|2|3|,1|6|6|6|5|,1|1|0|2|2|,1|3|6|3|4|,1|2|3|3|4|,1|5|5|3|4|,1|4|1|4|3|,1|3|4|2|2|,1|1|1|2|2|,1|5|7|6|6|,1|5|0|2|3|
Gruenfeld Exchange: Classical Variation,2|3|1|3|3|,2|6|7|5|5|,2|2|1|2|3|,2|6|6|6|5|,2|1|0|2|2|,2|3|6|3|4|,2|2|3|3|4|,2|5|5|3|4|,2|4|1|4|3|,2|3|4|2|2|,2|1|1|2|2|,2|5|7|6|6|,2|5|0|2|3|
Gruenfeld Defense: Exchange - Spassky Variation,1|3|1|3|3|,1|6|7|5|5|,1|2|1|2|3|,1|6|6|6|5|,1|1|0|2|2|,1|3|6|3|4|,1|2|3|3|4|,1|5|5|3|4|,1|4|1|4|3|,1|3|4|2|2|,1|1|1|2|2|,1|5|7|6|6|,1|5|0|2|3|,1|kb,1|6|0|4|1|,1|2|6|2|4|
Gruenfeld Defense: Exchange - Spassky Variation,2|3|1|3|3|,2|6|7|5|5|,2|2|1|2|3|,2|6|6|6|5|,2|1|0|2|2|,2|3|6|3|4|,2|2|3|3|4|,2|5|5|3|4|,2|4|1|4|3|,2|3|4|2|2|,2|1|1|2|2|,2|5|7|6|6|,2|5|0|2|3|,2|kb,2|6|0|4|1|,2|2|6|2|4|
Gruenfeld Defense: Spassky Variation - Main Line,1|3|1|3|3|,1|6|7|5|5|,1|2|1|2|3|,1|6|6|6|5|,1|1|0|2|2|,1|3|6|3|4|,1|2|3|3|4|,1|5|5|3|4|,1|4|1|4|3|,1|3|4|2|2|,1|1|1|2|2|,1|5|7|6|6|,1|5|0|2|3|,1|kb,1|6|0|4|1|,1|2|6|2|4|,1|kw,1|1|7|2|5|,1|2|0|4|2|,1|2|4|3|3|,1|2|2|3|3|
Gruenfeld Defense: Spassky Variation - Main Line,2|3|1|3|3|,2|6|7|5|5|,2|2|1|2|3|,2|6|6|6|5|,2|1|0|2|2|,2|3|6|3|4|,2|2|3|3|4|,2|5|5|3|4|,2|4|1|4|3|,2|3|4|2|2|,2|1|1|2|2|,2|5|7|6|6|,2|5|0|2|3|,2|kb,2|6|0|4|1|,2|2|6|2|4|,2|kw,2|1|7|2|5|,2|2|0|4|2|,2|2|4|3|3|,2|2|2|3|3|
Gruenfeld Defense: Spassky Variation - Main Line,1|3|1|3|3|,1|6|7|5|5|,1|2|1|2|3|,1|6|6|6|5|,1|1|0|2|2|,1|3|6|3|4|,1|2|3|3|4|,1|5|5|3|4|,1|4|1|4|3|,1|3|4|2|2|,1|1|1|2|2|,1|5|7|6|6|,1|5|0|2|3|,1|kb,1|6|0|4|1|,1|2|6|2|4|,1|kw,1|1|7|2|5|,1|2|0|4|2|,1|2|4|3|3|,1|2|2|3|3|,1|2|7|6|3|,1|5|1|5|2|,1|2|5|0|4|,1|2|3|3|2|,1|6|3|4|5|
Gruenfeld Defense: Spassky Variation - Main Line,2|3|1|3|3|,2|6|7|5|5|,2|2|1|2|3|,2|6|6|6|5|,2|1|0|2|2|,2|3|6|3|4|,2|2|3|3|4|,2|5|5|3|4|,2|4|1|4|3|,2|3|4|2|2|,2|1|1|2|2|,2|5|7|6|6|,2|5|0|2|3|,2|kb,2|6|0|4|1|,2|2|6|2|4|,2|kw,2|1|7|2|5|,2|2|0|4|2|,2|2|4|3|3|,2|2|2|3|3|,2|2|7|6|3|,2|5|1|5|2|,2|2|5|0|4|,2|2|3|3|2|,2|6|3|4|5|
Gruenfeld Defense: Three Knights Variation,1|3|1|3|3|,1|6|7|5|5|,1|2|1|2|3|,1|6|6|6|5|,1|1|0|2|2|,1|3|6|3|4|,1|6|0|5|2|
Gruenfeld Defense: Three Knights Variation,2|3|1|3|3|,2|6|7|5|5|,2|2|1|2|3|,2|6|6|6|5|,2|1|0|2|2|,2|3|6|3|4|,2|6|0|5|2|
Gruenfeld Defense: Smyslov Variation - Main Line,1|3|1|3|3|,1|6|7|5|5|,1|2|1|2|3|,1|6|6|6|5|,1|1|0|2|2|,1|3|6|3|4|,1|6|0|5|2|,1|5|7|6|6|,1|3|0|1|2|,1|3|4|2|3|,1|1|2|2|3|,1|kb,1|4|1|4|3|,1|2|7|6|3|,1|2|0|4|2|,1|5|5|3|6|,1|2|3|1|2|
Gruenfeld Defense: Smyslov Variation - Main Line,2|3|1|3|3|,2|6|7|5|5|,2|2|1|2|3|,2|6|6|6|5|,2|1|0|2|2|,2|3|6|3|4|,2|6|0|5|2|,2|5|7|6|6|,2|3|0|1|2|,2|3|4|2|3|,2|1|2|2|3|,2|kb,2|4|1|4|3|,2|2|7|6|3|,2|2|0|4|2|,2|5|5|3|6|,2|2|3|1|2|
Catalan Defense: Closed,1|3|1|3|3|,1|6|7|5|5|,1|2|1|2|3|,1|4|6|4|5|,1|6|1|6|2|,1|3|6|3|4|,1|5|0|6|1|
Catalan Defense: Closed,2|3|1|3|3|,2|6|7|5|5|,2|2|1|2|3|,2|4|6|4|5|,2|6|1|6|2|,2|3|6|3|4|,2|5|0|6|1|
Catalan: Open,1|3|1|3|3|,1|6|7|5|5|,1|2|1|2|3|,1|4|6|4|5|,1|6|1|6|2|,1|3|6|3|4|,1|5|0|6|1|,1|3|4|2|3|,1|3|0|0|3|
Catalan: Open,2|3|1|3|3|,2|6|7|5|5|,2|2|1|2|3|,2|4|6|4|5|,2|6|1|6|2|,2|3|6|3|4|,2|5|0|6|1|,2|3|4|2|3|,2|3|0|0|3|
Catalan: Open - Alekhine Variation,1|3|1|3|3|,1|6|7|5|5|,1|2|1|2|3|,1|4|6|4|5|,1|6|1|6|2|,1|3|6|3|4|,1|5|0|6|1|,1|3|4|2|3|,1|3|0|0|3|,1|1|7|3|6|,1|0|3|2|3|,1|0|6|0|5|,1|2|3|2|1|
Catalan: Open - Alekhine Variation,2|3|1|3|3|,2|6|7|5|5|,2|2|1|2|3|,2|4|6|4|5|,2|6|1|6|2|,2|3|6|3|4|,2|5|0|6|1|,2|3|4|2|3|,2|3|0|0|3|,2|1|7|3|6|,2|0|3|2|3|,2|0|6|0|5|,2|2|3|2|1|
Catalan: Open,1|3|1|3|3|,1|6|7|5|5|,1|2|1|2|3|,1|4|6|4|5|,1|6|1|6|2|,1|3|6|3|4|,1|5|0|6|1|,1|3|4|2|3|,1|6|0|5|2|
Catalan: Open,2|3|1|3|3|,2|6|7|5|5|,2|2|1|2|3|,2|4|6|4|5|,2|6|1|6|2|,2|3|6|3|4|,2|5|0|6|1|,2|3|4|2|3|,2|6|0|5|2|
Catalan: Open - Classical Line,1|3|1|3|3|,1|6|7|5|5|,1|2|1|2|3|,1|4|6|4|5|,1|6|1|6|2|,1|3|6|3|4|,1|5|0|6|1|,1|3|4|2|3|,1|6|0|5|2|,1|5|7|4|6|
Catalan: Open - Classical Line,2|3|1|3|3|,2|6|7|5|5|,2|2|1|2|3|,2|4|6|4|5|,2|6|1|6|2|,2|3|6|3|4|,2|5|0|6|1|,2|3|4|2|3|,2|6|0|5|2|,2|5|7|4|6|
Catalan: Closed,1|3|1|3|3|,1|6|7|5|5|,1|2|1|2|3|,1|4|6|4|5|,1|6|1|6|2|,1|3|6|3|4|,1|5|0|6|1|,1|5|7|4|6|,1|6|0|5|2|,1|kb,1|kw,1|1|7|3|6|,1|3|0|2|1|
Catalan: Closed,2|3|1|3|3|,2|6|7|5|5|,2|2|1|2|3|,2|4|6|4|5|,2|6|1|6|2|,2|3|6|3|4|,2|5|0|6|1|,2|5|7|4|6|,2|6|0|5|2|,2|kb,2|kw,2|1|7|3|6|,2|3|0|2|1|
Catalan: Closed - Main Line,1|3|1|3|3|,1|6|7|5|5|,1|2|1|2|3|,1|4|6|4|5|,1|6|1|6|2|,1|3|6|3|4|,1|5|0|6|1|,1|5|7|4|6|,1|6|0|5|2|,1|kb,1|kw,1|1|7|3|6|,1|3|0|2|1|,1|2|6|2|5|,1|1|0|3|1|
Catalan: Closed - Main Line,2|3|1|3|3|,2|6|7|5|5|,2|2|1|2|3|,2|4|6|4|5|,2|6|1|6|2|,2|3|6|3|4|,2|5|0|6|1|,2|5|7|4|6|,2|6|0|5|2|,2|kb,2|kw,2|1|7|3|6|,2|3|0|2|1|,2|2|6|2|5|,2|1|0|3|1|
Queen's Indian: Main Line,1|3|1|3|3|,1|6|7|5|5|,1|2|1|2|3|,1|4|6|4|5|,1|6|0|5|2|,1|1|6|1|5|,1|1|0|2|2|,1|2|7|1|6|,1|2|0|6|4|,1|7|6|7|5|,1|6|4|7|3|,1|5|7|1|3|
Queen's Indian: Main Line,2|3|1|3|3|,2|6|7|5|5|,2|2|1|2|3|,2|4|6|4|5|,2|6|0|5|2|,2|1|6|1|5|,2|1|0|2|2|,2|2|7|1|6|,2|2|0|6|4|,2|7|6|7|5|,2|6|4|7|3|,2|5|7|1|3|
Queen's Indian,1|3|1|3|3|,1|6|7|5|5|,1|2|1|2|3|,1|4|6|4|5|,1|6|0|5|2|,1|1|6|1|5|,1|4|1|4|2|
Queen's Indian,2|3|1|3|3|,2|6|7|5|5|,2|2|1|2|3|,2|4|6|4|5|,2|6|0|5|2|,2|1|6|1|5|,2|4|1|4|2|
Queen's Indian,1|3|1|3|3|,1|6|7|5|5|,1|2|1|2|3|,1|4|6|4|5|,1|6|0|5|2|,1|1|6|1|5|,1|6|1|6|2|
Queen's Indian,2|3|1|3|3|,2|6|7|5|5|,2|2|1|2|3|,2|4|6|4|5|,2|6|0|5|2|,2|1|6|1|5|,2|6|1|6|2|
Queen's Indian: Capablanca Variation,1|3|1|3|3|,1|6|7|5|5|,1|2|1|2|3|,1|4|6|4|5|,1|6|0|5|2|,1|1|6|1|5|,1|6|1|6|2|,1|2|7|1|6|,1|5|0|6|1|,1|5|7|1|3|
Queen's Indian: Capablanca Variation,2|3|1|3|3|,2|6|7|5|5|,2|2|1|2|3|,2|4|6|4|5|,2|6|0|5|2|,2|1|6|1|5|,2|6|1|6|2|,2|2|7|1|6|,2|5|0|6|1|,2|5|7|1|3|
Queen's Indian: Old Main Line,1|3|1|3|3|,1|6|7|5|5|,1|2|1|2|3|,1|4|6|4|5|,1|6|0|5|2|,1|1|6|1|5|,1|6|1|6|2|,1|2|7|1|6|,1|5|0|6|1|,1|5|7|4|6|,1|kw,1|kb,1|1|0|2|2|,1|5|5|4|3|,1|3|0|2|1|,1|4|3|2|2|,1|2|1|2|2|
Queen's Indian: Old Main Line,2|3|1|3|3|,2|6|7|5|5|,2|2|1|2|3|,2|4|6|4|5|,2|6|0|5|2|,2|1|6|1|5|,2|6|1|6|2|,2|2|7|1|6|,2|5|0|6|1|,2|5|7|4|6|,2|kw,2|kb,2|1|0|2|2|,2|5|5|4|3|,2|3|0|2|1|,2|4|3|2|2|,2|2|1|2|2|
Nimzo-Indian: Saemisch Variation,1|3|1|3|3|,1|6|7|5|5|,1|2|1|2|3|,1|4|6|4|5|,1|1|0|2|2|,1|5|7|1|3|,1|0|1|0|2|,1|1|3|2|2|,1|1|1|2|2|
Nimzo-Indian: Saemisch Variation,2|3|1|3|3|,2|6|7|5|5|,2|2|1|2|3|,2|4|6|4|5|,2|1|0|2|2|,2|5|7|1|3|,2|0|1|0|2|,2|1|3|2|2|,2|1|1|2|2|
Nimzo-Indian: Saemisch Variation,1|3|1|3|3|,1|6|7|5|5|,1|2|1|2|3|,1|4|6|4|5|,1|1|0|2|2|,1|5|7|1|3|,1|0|1|0|2|,1|1|3|2|2|,1|1|1|2|2|,1|2|6|2|4|,1|5|1|5|2|,1|3|6|3|4|,1|2|3|3|4|
Nimzo-Indian: Saemisch Variation,2|3|1|3|3|,2|6|7|5|5|,2|2|1|2|3|,2|4|6|4|5|,2|1|0|2|2|,2|5|7|1|3|,2|0|1|0|2|,2|1|3|2|2|,2|1|1|2|2|,2|2|6|2|4|,2|5|1|5|2|,2|3|6|3|4|,2|2|3|3|4|
Nimzo-Indian: Saemisch Variation,1|3|1|3|3|,1|6|7|5|5|,1|2|1|2|3|,1|4|6|4|5|,1|1|0|2|2|,1|5|7|1|3|,1|0|1|0|2|,1|1|3|2|2|,1|1|1|2|2|,1|2|6|2|4|,1|4|1|4|2|
Nimzo-Indian: Saemisch Variation,2|3|1|3|3|,2|6|7|5|5|,2|2|1|2|3|,2|4|6|4|5|,2|1|0|2|2|,2|5|7|1|3|,2|0|1|0|2|,2|1|3|2|2|,2|1|1|2|2|,2|2|6|2|4|,2|4|1|4|2|
Nimzo-Indian: Saemisch Variation,1|3|1|3|3|,1|6|7|5|5|,1|2|1|2|3|,1|4|6|4|5|,1|1|0|2|2|,1|5|7|1|3|,1|0|1|0|2|,1|1|3|2|2|,1|1|1|2|2|,1|kb
Nimzo-Indian: Saemisch Variation,2|3|1|3|3|,2|6|7|5|5|,2|2|1|2|3|,2|4|6|4|5|,2|1|0|2|2|,2|5|7|1|3|,2|0|1|0|2|,2|1|3|2|2|,2|1|1|2|2|,2|kb
Nimzo-Indian: Saemisch Variation,1|3|1|3|3|,1|6|7|5|5|,1|2|1|2|3|,1|4|6|4|5|,1|1|0|2|2|,1|5|7|1|3|,1|0|1|0|2|,1|1|3|2|2|,1|1|1|2|2|,1|kb,1|4|1|4|2|
Nimzo-Indian: Saemisch Variation,2|3|1|3|3|,2|6|7|5|5|,2|2|1|2|3|,2|4|6|4|5|,2|1|0|2|2|,2|5|7|1|3|,2|0|1|0|2|,2|1|3|2|2|,2|1|1|2|2|,2|kb,2|4|1|4|2|
Nimzo-Indian: Saemisch Variation - Main Line,1|3|1|3|3|,1|6|7|5|5|,1|2|1|2|3|,1|4|6|4|5|,1|1|0|2|2|,1|5|7|1|3|,1|0|1|0|2|,1|1|3|2|2|,1|1|1|2|2|,1|kb,1|4|1|4|2|,1|2|6|2|4|,1|5|0|3|2|,1|1|7|2|5|
Nimzo-Indian: Saemisch Variation - Main Line,2|3|1|3|3|,2|6|7|5|5|,2|2|1|2|3|,2|4|6|4|5|,2|1|0|2|2|,2|5|7|1|3|,2|0|1|0|2|,2|1|3|2|2|,2|1|1|2|2|,2|kb,2|4|1|4|2|,2|2|6|2|4|,2|5|0|3|2|,2|1|7|2|5|
Nimzo-Indian: Leningrad Variation,1|3|1|3|3|,1|6|7|5|5|,1|2|1|2|3|,1|4|6|4|5|,1|1|0|2|2|,1|5|7|1|3|,1|2|0|6|4|
Nimzo-Indian: Leningrad Variation,2|3|1|3|3|,2|6|7|5|5|,2|2|1|2|3|,2|4|6|4|5|,2|1|0|2|2|,2|5|7|1|3|,2|2|0|6|4|
Nimzo-Indian: Leningrad Variation - Main line,1|3|1|3|3|,1|6|7|5|5|,1|2|1|2|3|,1|4|6|4|5|,1|1|0|2|2|,1|5|7|1|3|,1|2|0|6|4|,1|7|6|7|5|,1|6|4|7|3|,1|2|6|2|4|,1|3|3|3|4|,1|3|6|3|5|
Nimzo-Indian: Leningrad Variation - Main line,2|3|1|3|3|,2|6|7|5|5|,2|2|1|2|3|,2|4|6|4|5|,2|1|0|2|2|,2|5|7|1|3|,2|2|0|6|4|,2|7|6|7|5|,2|6|4|7|3|,2|2|6|2|4|,2|3|3|3|4|,2|3|6|3|5|
Nimzo-Indian: Fischer Variation,1|3|1|3|3|,1|6|7|5|5|,1|2|1|2|3|,1|4|6|4|5|,1|1|0|2|2|,1|5|7|1|3|,1|4|1|4|2|,1|1|6|1|5|
Nimzo-Indian: Fischer Variation,2|3|1|3|3|,2|6|7|5|5|,2|2|1|2|3|,2|4|6|4|5|,2|1|0|2|2|,2|5|7|1|3|,2|4|1|4|2|,2|1|6|1|5|
Nimzo-Indian: Fischer Variation,1|3|1|3|3|,1|6|7|5|5|,1|2|1|2|3|,1|4|6|4|5|,1|1|0|2|2|,1|5|7|1|3|,1|4|1|4|2|,1|1|6|1|5|,1|6|0|4|1|
Nimzo-Indian: Fischer Variation,2|3|1|3|3|,2|6|7|5|5|,2|2|1|2|3|,2|4|6|4|5|,2|1|0|2|2|,2|5|7|1|3|,2|4|1|4|2|,2|1|6|1|5|,2|6|0|4|1|
Nimzo-Indian: Botvinnik System,1|3|1|3|3|,1|6|7|5|5|,1|2|1|2|3|,1|4|6|4|5|,1|1|0|2|2|,1|5|7|1|3|,1|4|1|4|2|,1|kb,1|5|0|3|2|,1|3|6|3|4|,1|0|1|0|2|,1|1|3|2|2|,1|1|1|2|2|
Nimzo-Indian: Botvinnik System,2|3|1|3|3|,2|6|7|5|5|,2|2|1|2|3|,2|4|6|4|5|,2|1|0|2|2|,2|5|7|1|3|,2|4|1|4|2|,2|kb,2|5|0|3|2|,2|3|6|3|4|,2|0|1|0|2|,2|1|3|2|2|,2|1|1|2|2|
Nimzo-Indian,1|3|1|3|3|,1|6|7|5|5|,1|2|1|2|3|,1|4|6|4|5|,1|1|0|2|2|,1|5|7|1|3|,1|4|1|4|2|,1|kb,1|6|0|5|2|
Nimzo-Indian,2|3|1|3|3|,2|6|7|5|5|,2|2|1|2|3|,2|4|6|4|5|,2|1|0|2|2|,2|5|7|1|3|,2|4|1|4|2|,2|kb,2|6|0|5|2|
Nimzo-Indian: Main Line,1|3|1|3|3|,1|6|7|5|5|,1|2|1|2|3|,1|4|6|4|5|,1|1|0|2|2|,1|5|7|1|3|,1|4|1|4|2|,1|kb,1|6|0|5|2|,1|3|6|3|4|,1|3|1|3|3|,1|6|7|5|5|,1|2|1|2|3|,1|4|6|4|5|,1|1|0|2|2|,1|5|7|1|3|,1|4|1|4|2|,1|kb,1|6|0|5|2|,1|3|6|3|4|,1|5|0|3|2|,1|1|6|1|5|
Nimzo-Indian: Main Line,2|3|1|3|3|,2|6|7|5|5|,2|2|1|2|3|,2|4|6|4|5|,2|1|0|2|2|,2|5|7|1|3|,2|4|1|4|2|,2|kb,2|6|0|5|2|,2|3|6|3|4|,2|3|1|3|3|,2|6|7|5|5|,2|2|1|2|3|,2|4|6|4|5|,2|1|0|2|2|,2|5|7|1|3|,2|4|1|4|2|,2|kb,2|6|0|5|2|,2|3|6|3|4|,2|5|0|3|2|,2|1|6|1|5|
Nimzo-Indian: Main Line,1|3|1|3|3|,1|6|7|5|5|,1|2|1|2|3|,1|4|6|4|5|,1|1|0|2|2|,1|5|7|1|3|,1|4|1|4|2|,1|kb,1|6|0|5|2|,1|3|6|3|4|,1|5|0|3|2|,1|2|6|2|4|
Nimzo-Indian: Main Line,2|3|1|3|3|,2|6|7|5|5|,2|2|1|2|3|,2|4|6|4|5|,2|1|0|2|2|,2|5|7|1|3|,2|4|1|4|2|,2|kb,2|6|0|5|2|,2|3|6|3|4|,2|5|0|3|2|,2|2|6|2|4|
Nimzo-Indian: Gligoric System,1|3|1|3|3|,1|6|7|5|5|,1|2|1|2|3|,1|4|6|4|5|,1|1|0|2|2|,1|5|7|1|3|,1|4|1|4|2|,1|kb,1|6|0|5|2|,1|3|6|3|4|,1|5|0|3|2|,1|2|6|2|4|,1|kw,1|3|4|2|3|,1|3|2|2|3|
Nimzo-Indian: Gligoric System,2|3|1|3|3|,2|6|7|5|5|,2|2|1|2|3|,2|4|6|4|5|,2|1|0|2|2|,2|5|7|1|3|,2|4|1|4|2|,2|kb,2|6|0|5|2|,2|3|6|3|4|,2|5|0|3|2|,2|2|6|2|4|,2|kw,2|3|4|2|3|,2|3|2|2|3|
Nimzo-Indian: Gligoric System - Bronstein Variation,1|3|1|3|3|,1|6|7|5|5|,1|2|1|2|3|,1|4|6|4|5|,1|1|0|2|2|,1|5|7|1|3|,1|4|1|4|2|,1|kb,1|6|0|5|2|,1|3|6|3|4|,1|5|0|3|2|,1|2|6|2|4|,1|kw,1|3|4|2|3|,1|3|2|2|3|,1|1|7|3|6|
Nimzo-Indian: Gligoric System - Bronstein Variation,2|3|1|3|3|,2|6|7|5|5|,2|2|1|2|3|,2|4|6|4|5|,2|1|0|2|2|,2|5|7|1|3|,2|4|1|4|2|,2|kb,2|6|0|5|2|,2|3|6|3|4|,2|5|0|3|2|,2|2|6|2|4|,2|kw,2|3|4|2|3|,2|3|2|2|3|,2|1|7|3|6|
Nimzo-Indian: Byrne Variation,1|3|1|3|3|,1|6|7|5|5|,1|2|1|2|3|,1|4|6|4|5|,1|1|0|2|2|,1|5|7|1|3|,1|4|1|4|2|,1|1|6|1|5|,1|6|0|4|1|,1|2|7|0|5|
Nimzo-Indian: Byrne Variation,2|3|1|3|3|,2|6|7|5|5|,2|2|1|2|3|,2|4|6|4|5|,2|1|0|2|2|,2|5|7|1|3|,2|4|1|4|2|,2|1|6|1|5|,2|6|0|4|1|,2|2|7|0|5|
Nimzo-Indian: Main Line,1|3|1|3|3|,1|6|7|5|5|,1|2|1|2|3|,1|4|6|4|5|,1|1|0|2|2|,1|5|7|1|3|,1|4|1|4|2|,1|kb,1|6|0|5|2|,1|3|6|3|4|,1|5|0|3|2|,1|2|6|2|4|,1|kw,1|1|7|2|5|,1|0|1|0|2|,1|3|4|2|3|,1|3|2|2|3|,1|2|4|3|3|
Nimzo-Indian: Main Line,2|3|1|3|3|,2|6|7|5|5|,2|2|1|2|3|,2|4|6|4|5|,2|1|0|2|2|,2|5|7|1|3|,2|4|1|4|2|,2|kb,2|6|0|5|2|,2|3|6|3|4|,2|5|0|3|2|,2|2|6|2|4|,2|kw,2|1|7|2|5|,2|0|1|0|2|,2|3|4|2|3|,2|3|2|2|3|,2|2|4|3|3|
King's Indian Defense,1|3|1|3|3|,1|6|7|5|5|,1|2|1|2|3|,1|6|6|6|5|,1|1|0|2|2|
King's Indian Defense,2|3|1|3|3|,2|6|7|5|5|,2|2|1|2|3|,2|6|6|6|5|,2|1|0|2|2|
King's Indian: Fianchetto Variation,1|3|1|3|3|,1|6|7|5|5|,1|2|1|2|3|,1|6|6|6|5|,1|1|0|2|2|,1|5|7|6|6|,1|6|0|5|2|,1|3|6|3|5|,1|6|1|6|2|
King's Indian: Fianchetto Variation,2|3|1|3|3|,2|6|7|5|5|,2|2|1|2|3|,2|6|6|6|5|,2|1|0|2|2|,2|5|7|6|6|,2|6|0|5|2|,2|3|6|3|5|,2|6|1|6|2|
King's Indian: Fianchetto - Panno Variation,1|3|1|3|3|,1|6|7|5|5|,1|2|1|2|3|,1|6|6|6|5|,1|1|0|2|2|,1|5|7|6|6|,1|6|0|5|2|,1|3|6|3|5|,1|6|1|6|2|,1|kb,1|5|0|6|1|,1|1|7|2|5|,1|kw,1|0|6|0|5|
King's Indian: Fianchetto - Panno Variation,2|3|1|3|3|,2|6|7|5|5|,2|2|1|2|3|,2|6|6|6|5|,2|1|0|2|2|,2|5|7|6|6|,2|6|0|5|2|,2|3|6|3|5|,2|6|1|6|2|,2|kb,2|5|0|6|1|,2|1|7|2|5|,2|kw,2|0|6|0|5|
King's Indian: Fianchetto Variation - Yugoslav System,1|3|1|3|3|,1|6|7|5|5|,1|2|1|2|3|,1|6|6|6|5|,1|1|0|2|2|,1|5|7|6|6|,1|6|0|5|2|,1|3|6|3|5|,1|6|1|6|2|,1|kb,1|5|0|6|1|,1|2|6|2|4|
King's Indian: Fianchetto Variation - Yugoslav System,2|3|1|3|3|,2|6|7|5|5|,2|2|1|2|3|,2|6|6|6|5|,2|1|0|2|2|,2|5|7|6|6|,2|6|0|5|2|,2|3|6|3|5|,2|6|1|6|2|,2|kb,2|5|0|6|1|,2|2|6|2|4|
King's Indian: Fianchetto Variation - Yugoslav Panno,1|3|1|3|3|,1|6|7|5|5|,1|2|1|2|3|,1|6|6|6|5|,1|1|0|2|2|,1|5|7|6|6|,1|6|0|5|2|,1|3|6|3|5|,1|6|1|6|2|,1|kb,1|5|0|6|1|,1|2|6|2|4|,1|kw,1|1|7|2|5|,1|3|3|3|4|
King's Indian: Fianchetto Variation - Yugoslav Panno,2|3|1|3|3|,2|6|7|5|5|,2|2|1|2|3|,2|6|6|6|5|,2|1|0|2|2|,2|5|7|6|6|,2|6|0|5|2|,2|3|6|3|5|,2|6|1|6|2|,2|kb,2|5|0|6|1|,2|2|6|2|4|,2|kw,2|1|7|2|5|,2|3|3|3|4|
King's Indian: Fianchetto Variation - Classical Main Line,1|3|1|3|3|,1|6|7|5|5|,1|2|1|2|3|,1|6|6|6|5|,1|1|0|2|2|,1|5|7|6|6|,1|6|0|5|2|,1|3|6|3|5|,1|6|1|6|2|,1|kb,1|5|0|6|1|,1|1|7|3|6|,1|kw,1|4|6|4|5|,1|4|1|4|3|,1|2|6|2|5|,1|7|1|7|2|
King's Indian: Fianchetto Variation - Classical Main Line,2|3|1|3|3|,2|6|7|5|5|,2|2|1|2|3|,2|6|6|6|5|,2|1|0|2|2|,2|5|7|6|6|,2|6|0|5|2|,2|3|6|3|5|,2|6|1|6|2|,2|kb,2|5|0|6|1|,2|1|7|3|6|,2|kw,2|4|6|4|5|,2|4|1|4|3|,2|2|6|2|5|,2|7|1|7|2|
King's Indian: Makagonov System,1|3|1|3|3|,1|6|7|5|5|,1|2|1|2|3|,1|6|6|6|5|,1|1|0|2|2|,1|5|7|6|6|,1|4|1|4|3|,1|3|6|3|5|,1|7|1|7|2|
King's Indian: Makagonov System,2|3|1|3|3|,2|6|7|5|5|,2|2|1|2|3|,2|6|6|6|5|,2|1|0|2|2|,2|5|7|6|6|,2|4|1|4|3|,2|3|6|3|5|,2|7|1|7|2|
King's Indian: Averbakh Variation - Main Line,1|3|1|3|3|,1|6|7|5|5|,1|2|1|2|3|,1|6|6|6|5|,1|1|0|2|2|,1|5|7|6|6|,1|4|1|4|3|,1|3|6|3|5|,1|5|0|4|1|,1|kb,1|2|0|6|4|,1|2|6|2|4|,1|3|3|3|4|,1|4|6|4|5|
King's Indian: Averbakh Variation - Main Line,2|3|1|3|3|,2|6|7|5|5|,2|2|1|2|3|,2|6|6|6|5|,2|1|0|2|2|,2|5|7|6|6|,2|4|1|4|3|,2|3|6|3|5|,2|5|0|4|1|,2|kb,2|2|0|6|4|,2|2|6|2|4|,2|3|3|3|4|,2|4|6|4|5|
King's Indian: Four Pawns Attack - Main Line,1|3|1|3|3|,1|6|7|5|5|,1|2|1|2|3|,1|6|6|6|5|,1|1|0|2|2|,1|5|7|6|6|,1|4|1|4|3|,1|3|6|3|5|,1|5|1|5|3|,1|kb,1|5|0|4|1|,1|2|6|2|4|,1|6|0|5|2|,1|2|4|3|3|,1|5|2|3|3|,1|1|7|2|5|,1|2|0|4|2|
King's Indian: Four Pawns Attack - Main Line,2|3|1|3|3|,2|6|7|5|5|,2|2|1|2|3|,2|6|6|6|5|,2|1|0|2|2|,2|5|7|6|6|,2|4|1|4|3|,2|3|6|3|5|,2|5|1|5|3|,2|kb,2|5|0|4|1|,2|2|6|2|4|,2|6|0|5|2|,2|2|4|3|3|,2|5|2|3|3|,2|1|7|2|5|,2|2|0|4|2|
King's Indian: Saemisch Variation,1|3|1|3|3|,1|6|7|5|5|,1|2|1|2|3|,1|6|6|6|5|,1|1|0|2|2|,1|5|7|6|6|,1|4|1|4|3|,1|3|6|3|5|,1|5|1|5|2|
King's Indian: Saemisch Variation,2|3|1|3|3|,2|6|7|5|5|,2|2|1|2|3|,2|6|6|6|5|,2|1|0|2|2|,2|5|7|6|6|,2|4|1|4|3|,2|3|6|3|5|,2|5|1|5|2|
King's Indian: Saemisch Variation,1|3|1|3|3|,1|6|7|5|5|,1|2|1|2|3|,1|6|6|6|5|,1|1|0|2|2|,1|5|7|6|6|,1|4|1|4|3|,1|3|6|3|5|,1|5|1|5|2|,1|kb
King's Indian: Saemisch Variation,2|3|1|3|3|,2|6|7|5|5|,2|2|1|2|3|,2|6|6|6|5|,2|1|0|2|2|,2|5|7|6|6|,2|4|1|4|3|,2|3|6|3|5|,2|5|1|5|2|,2|kb
King's Indian: Saemisch - Double Fianchetto Variation,1|3|1|3|3|,1|6|7|5|5|,1|2|1|2|3|,1|6|6|6|5|,1|1|0|2|2|,1|5|7|6|6|,1|4|1|4|3|,1|3|6|3|5|,1|5|1|5|2|,1|kb,1|2|0|4|2|,1|1|6|1|5|
King's Indian: Saemisch - Double Fianchetto Variation,2|3|1|3|3|,2|6|7|5|5|,2|2|1|2|3|,2|6|6|6|5|,2|1|0|2|2|,2|5|7|6|6|,2|4|1|4|3|,2|3|6|3|5|,2|5|1|5|2|,2|kb,2|2|0|4|2|,2|1|6|1|5|
King's Indian: Saemisch - Panno Main Line,1|3|1|3|3|,1|6|7|5|5|,1|2|1|2|3|,1|6|6|6|5|,1|1|0|2|2|,1|5|7|6|6|,1|4|1|4|3|,1|3|6|3|5|,1|5|1|5|2|,1|kb,1|2|0|4|2|,1|1|7|2|5|,1|6|0|4|1|,1|0|6|0|5|,1|3|0|3|1|,1|0|7|1|7|
King's Indian: Saemisch - Panno Main Line,2|3|1|3|3|,2|6|7|5|5|,2|2|1|2|3|,2|6|6|6|5|,2|1|0|2|2|,2|5|7|6|6|,2|4|1|4|3|,2|3|6|3|5|,2|5|1|5|2|,2|kb,2|2|0|4|2|,2|1|7|2|5|,2|6|0|4|1|,2|0|6|0|5|,2|3|0|3|1|,2|0|7|1|7|
King's Indian: Saemisch - Orthodox Variation,1|3|1|3|3|,1|6|7|5|5|,1|2|1|2|3|,1|6|6|6|5|,1|1|0|2|2|,1|5|7|6|6|,1|4|1|4|3|,1|3|6|3|5|,1|5|1|5|2|,1|kb,1|2|0|4|2|,1|4|6|4|4|
King's Indian: Saemisch - Orthodox Variation,2|3|1|3|3|,2|6|7|5|5|,2|2|1|2|3|,2|6|6|6|5|,2|1|0|2|2|,2|5|7|6|6|,2|4|1|4|3|,2|3|6|3|5|,2|5|1|5|2|,2|kb,2|2|0|4|2|,2|4|6|4|4|
King's Indian: Saemisch Variation - Orthodox,1|3|1|3|3|,1|6|7|5|5|,1|2|1|2|3|,1|6|6|6|5|,1|1|0|2|2|,1|5|7|6|6|,1|4|1|4|3|,1|3|6|3|5|,1|5|1|5|2|,1|kb,1|2|0|4|2|,1|4|6|4|4|,1|6|0|4|1|,1|2|6|2|5|
King's Indian: Saemisch Variation - Orthodox,2|3|1|3|3|,2|6|7|5|5|,2|2|1|2|3|,2|6|6|6|5|,2|1|0|2|2|,2|5|7|6|6|,2|4|1|4|3|,2|3|6|3|5|,2|5|1|5|2|,2|kb,2|2|0|4|2|,2|4|6|4|4|,2|6|0|4|1|,2|2|6|2|5|
King's Indian: Saemisch - Orthodox Main Line,1|3|1|3|3|,1|6|7|5|5|,1|2|1|2|3|,1|6|6|6|5|,1|1|0|2|2|,1|5|7|6|6|,1|4|1|4|3|,1|3|6|3|5|,1|5|1|5|2|,1|kb,1|2|0|4|2|,1|4|6|4|4|,1|3|3|3|4|,1|2|6|2|5|,1|6|0|4|1|,1|2|5|3|4|
King's Indian: Saemisch - Orthodox Main Line,2|3|1|3|3|,2|6|7|5|5|,2|2|1|2|3|,2|6|6|6|5|,2|1|0|2|2|,2|5|7|6|6|,2|4|1|4|3|,2|3|6|3|5|,2|5|1|5|2|,2|kb,2|2|0|4|2|,2|4|6|4|4|,2|3|3|3|4|,2|2|6|2|5|,2|6|0|4|1|,2|2|5|3|4|
King's Indian: Classical Variation,1|3|1|3|3|,1|6|7|5|5|,1|2|1|2|3|,1|6|6|6|5|,1|1|0|2|2|,1|5|7|6|6|,1|4|1|4|3|,1|3|6|3|5|,1|6|0|5|2|,1|kb,1|5|0|4|1|,1|4|6|4|4|
King's Indian: Classical Variation,2|3|1|3|3|,2|6|7|5|5|,2|2|1|2|3|,2|6|6|6|5|,2|1|0|2|2|,2|5|7|6|6|,2|4|1|4|3|,2|3|6|3|5|,2|6|0|5|2|,2|kb,2|5|0|4|1|,2|4|6|4|4|
King's Indian: Petrosian System - Main Line,1|3|1|3|3|,1|6|7|5|5|,1|2|1|2|3|,1|6|6|6|5|,1|1|0|2|2|,1|5|7|6|6|,1|4|1|4|3|,1|3|6|3|5|,1|6|0|5|2|,1|kb,1|5|0|4|1|,1|4|6|4|4|,1|3|3|3|4|,1|1|7|3|6|
King's Indian: Petrosian System - Main Line,2|3|1|3|3|,2|6|7|5|5|,2|2|1|2|3|,2|6|6|6|5|,2|1|0|2|2|,2|5|7|6|6|,2|4|1|4|3|,2|3|6|3|5|,2|6|0|5|2|,2|kb,2|5|0|4|1|,2|4|6|4|4|,2|3|3|3|4|,2|1|7|3|6|
King's Indian: Orthodox Variation - Main Line,1|3|1|3|3|,1|6|7|5|5|,1|2|1|2|3|,1|6|6|6|5|,1|1|0|2|2|,1|5|7|6|6|,1|4|1|4|3|,1|3|6|3|5|,1|6|0|5|2|,1|kb,1|5|0|4|1|,1|4|6|4|4|,1|kw,1|1|7|3|6|,1|5|0|4|0|,1|2|6|2|5|,1|4|1|5|0|,1|0|6|0|4|
King's Indian: Orthodox Variation - Main Line,2|3|1|3|3|,2|6|7|5|5|,2|2|1|2|3|,2|6|6|6|5|,2|1|0|2|2|,2|5|7|6|6|,2|4|1|4|3|,2|3|6|3|5|,2|6|0|5|2|,2|kb,2|5|0|4|1|,2|4|6|4|4|,2|kw,2|1|7|3|6|,2|5|0|4|0|,2|2|6|2|5|,2|4|1|5|0|,2|0|6|0|4|
King's Indian: Orthodox - Aronin-Taimanov Variation,1|3|1|3|3|,1|6|7|5|5|,1|2|1|2|3|,1|6|6|6|5|,1|1|0|2|2|,1|5|7|6|6|,1|4|1|4|3|,1|3|6|3|5|,1|6|0|5|2|,1|kb,1|5|0|4|1|,1|4|6|4|4|,1|kw,1|1|7|2|5|
King's Indian: Orthodox - Aronin-Taimanov Variation,2|3|1|3|3|,2|6|7|5|5|,2|2|1|2|3|,2|6|6|6|5|,2|1|0|2|2|,2|5|7|6|6|,2|4|1|4|3|,2|3|6|3|5|,2|6|0|5|2|,2|kb,2|5|0|4|1|,2|4|6|4|4|,2|kw,2|1|7|2|5|
King's Indian: Orthodox - Aronin-Taimonov Main Line,1|3|1|3|3|,1|6|7|5|5|,1|2|1|2|3|,1|6|6|6|5|,1|1|0|2|2|,1|5|7|6|6|,1|4|1|4|3|,1|3|6|3|5|,1|6|0|5|2|,1|kb,1|5|0|4|1|,1|4|6|4|4|,1|kw,1|1|7|2|5|,1|3|3|3|4|,1|2|5|4|6|,1|5|2|4|0|,1|5|5|3|6|,1|5|1|5|2|,1|5|6|5|4|
King's Indian: Orthodox - Aronin-Taimonov Main Line,2|3|1|3|3|,2|6|7|5|5|,2|2|1|2|3|,2|6|6|6|5|,2|1|0|2|2|,2|5|7|6|6|,2|4|1|4|3|,2|3|6|3|5|,2|6|0|5|2|,2|kb,2|5|0|4|1|,2|4|6|4|4|,2|kw,2|1|7|2|5|,2|3|3|3|4|,2|2|5|4|6|,2|5|2|4|0|,2|5|5|3|6|,2|5|1|5|2|,2|5|6|5|4|
Nimzo-Indian: Classical - Pirc Variation,1|3|1|3|3|,1|6|7|5|5|,1|2|1|2|3|,1|4|6|4|5|,1|1|0|2|2|,1|5|7|1|3|,1|3|0|2|1|,1|2|6|2|4|,1|3|3|2|4|,1|kb
Nimzo-Indian: Classical - Pirc Variation,2|3|1|3|3|,2|6|7|5|5|,2|2|1|2|3|,2|4|6|4|5|,2|1|0|2|2|,2|5|7|1|3|,2|3|0|2|1|,2|2|6|2|4|,2|3|3|2|4|,2|kb
Nimzo-Indian,1|3|1|3|3|,1|6|7|5|5|,1|2|1|2|3|,1|4|6|4|5|,1|1|0|2|2|,1|5|7|1|3|,1|4|1|4|2|,1|2|6|2|4|
Nimzo-Indian,2|3|1|3|3|,2|6|7|5|5|,2|2|1|2|3|,2|4|6|4|5|,2|1|0|2|2|,2|5|7|1|3|,2|4|1|4|2|,2|2|6|2|4|
Nimzo-Indian: Spielmann Variation,1|3|1|3|3|,1|6|7|5|5|,1|2|1|2|3|,1|4|6|4|5|,1|1|0|2|2|,1|5|7|1|3|,1|3|0|1|2|,1|2|6|2|4|,1|3|3|2|4|,1|1|7|2|5|
Nimzo-Indian: Spielmann Variation,2|3|1|3|3|,2|6|7|5|5|,2|2|1|2|3|,2|4|6|4|5|,2|1|0|2|2|,2|5|7|1|3|,2|3|0|1|2|,2|2|6|2|4|,2|3|3|2|4|,2|1|7|2|5|
Dutch Defense,1|3|1|3|3|,1|5|6|5|4|,1|2|1|2|3|,1|6|7|5|5|,1|6|1|6|2|,1|4|6|4|5|,1|5|0|6|1|,1|5|7|4|6|,1|6|0|5|2|,1|kb
Dutch Defense,2|3|1|3|3|,2|5|6|5|4|,2|2|1|2|3|,2|6|7|5|5|,2|6|1|6|2|,2|4|6|4|5|,2|5|0|6|1|,2|5|7|4|6|,2|6|0|5|2|,2|kb
Dutch Stonewall: Botwinnik Variation,1|3|1|3|3|,1|5|6|5|4|,1|2|1|2|3|,1|6|7|5|5|,1|6|1|6|2|,1|4|6|4|5|,1|5|0|6|1|,1|5|7|4|6|,1|6|0|5|2|,1|kb,1|kw,1|3|6|3|4|,1|1|1|1|2|
Dutch Stonewall: Botwinnik Variation,2|3|1|3|3|,2|5|6|5|4|,2|2|1|2|3|,2|6|7|5|5|,2|6|1|6|2|,2|4|6|4|5|,2|5|0|6|1|,2|5|7|4|6|,2|6|0|5|2|,2|kb,2|kw,2|3|6|3|4|,2|1|1|1|2|
Dutch Defense: Stonewall Variation,1|3|1|3|3|,1|5|6|5|4|,1|2|1|2|3|,1|6|7|5|5|,1|6|1|6|2|,1|4|6|4|5|,1|5|0|6|1|,1|5|7|4|6|,1|6|0|5|2|,1|kb,1|kw,1|3|6|3|4|,1|1|1|1|2|,1|2|6|2|5|,1|2|0|0|2|
Dutch Defense: Stonewall Variation,2|3|1|3|3|,2|5|6|5|4|,2|2|1|2|3|,2|6|7|5|5|,2|6|1|6|2|,2|4|6|4|5|,2|5|0|6|1|,2|5|7|4|6|,2|6|0|5|2|,2|kb,2|kw,2|3|6|3|4|,2|1|1|1|2|,2|2|6|2|5|,2|2|0|0|2|
Dutch Defense: Stonewall Variation,1|3|1|3|3|,1|5|6|5|4|,1|2|1|2|3|,1|6|7|5|5|,1|6|1|6|2|,1|4|6|4|5|,1|5|0|6|1|,1|5|7|4|6|,1|6|0|5|2|,1|kb,1|kw,1|3|6|3|4|,1|1|0|2|2|,1|2|6|2|5|
Dutch Defense: Stonewall Variation,2|3|1|3|3|,2|5|6|5|4|,2|2|1|2|3|,2|6|7|5|5|,2|6|1|6|2|,2|4|6|4|5|,2|5|0|6|1|,2|5|7|4|6|,2|6|0|5|2|,2|kb,2|kw,2|3|6|3|4|,2|1|0|2|2|,2|2|6|2|5|
Dutch Defense: Classical Variation,1|3|1|3|3|,1|5|6|5|4|,1|2|1|2|3|,1|6|7|5|5|,1|6|1|6|2|,1|4|6|4|5|,1|5|0|6|1|,1|5|7|4|6|,1|6|0|5|2|,1|kb,1|kw,1|3|6|3|5|
Dutch Defense: Classical Variation,2|3|1|3|3|,2|5|6|5|4|,2|2|1|2|3|,2|6|7|5|5|,2|6|1|6|2|,2|4|6|4|5|,2|5|0|6|1|,2|5|7|4|6|,2|6|0|5|2|,2|kb,2|kw,2|3|6|3|5|
Dutch Defense: Ilyin-Genevsky Variation,1|3|1|3|3|,1|5|6|5|4|,1|2|1|2|3|,1|6|7|5|5|,1|6|1|6|2|,1|4|6|4|5|,1|5|0|6|1|,1|5|7|4|6|,1|6|0|5|2|,1|kb,1|kw,1|3|6|3|5|,1|1|0|2|2|,1|3|7|4|7|
Dutch Defense: Ilyin-Genevsky Variation,2|3|1|3|3|,2|5|6|5|4|,2|2|1|2|3|,2|6|7|5|5|,2|6|1|6|2|,2|4|6|4|5|,2|5|0|6|1|,2|5|7|4|6|,2|6|0|5|2|,2|kb,2|kw,2|3|6|3|5|,2|1|0|2|2|,2|3|7|4|7|
Benoni: Classical Variation,1|3|1|3|3|,1|6|7|5|5|,1|2|1|2|3|,1|2|6|2|4|,1|3|3|3|4|,1|4|6|4|5|,1|1|0|2|2|,1|4|5|3|4|,1|2|3|3|4|,1|3|6|3|5|,1|4|1|4|3|,1|6|6|6|5|,1|6|0|5|2|,1|5|7|6|6|,1|5|0|4|1|,1|kb
Benoni: Classical Variation,2|3|1|3|3|,2|6|7|5|5|,2|2|1|2|3|,2|2|6|2|4|,2|3|3|3|4|,2|4|6|4|5|,2|1|0|2|2|,2|4|5|3|4|,2|2|3|3|4|,2|3|6|3|5|,2|4|1|4|3|,2|6|6|6|5|,2|6|0|5|2|,2|5|7|6|6|,2|5|0|4|1|,2|kb
Benoni: Classical Variation,1|3|1|3|3|,1|6|7|5|5|,1|2|1|2|3|,1|2|6|2|4|,1|3|3|3|4|,1|4|6|4|5|,1|1|0|2|2|,1|4|5|3|4|,1|2|3|3|4|,1|3|6|3|5|,1|4|1|4|3|,1|6|6|6|5|,1|6|0|5|2|,1|5|7|6|6|,1|5|0|4|1|,1|kb,1|kw,1|0|6|0|5|,1|0|1|0|3|
Benoni: Classical Variation,2|3|1|3|3|,2|6|7|5|5|,2|2|1|2|3|,2|2|6|2|4|,2|3|3|3|4|,2|4|6|4|5|,2|1|0|2|2|,2|4|5|3|4|,2|2|3|3|4|,2|3|6|3|5|,2|4|1|4|3|,2|6|6|6|5|,2|6|0|5|2|,2|5|7|6|6|,2|5|0|4|1|,2|kb,2|kw,2|0|6|0|5|,2|0|1|0|3|
Benoni: Classical Variation,1|3|1|3|3|,1|6|7|5|5|,1|2|1|2|3|,1|2|6|2|4|,1|3|3|3|4|,1|4|6|4|5|,1|1|0|2|2|,1|4|5|3|4|,1|2|3|3|4|,1|3|6|3|5|,1|4|1|4|3|,1|6|6|6|5|,1|6|0|5|2|,1|5|7|6|1|,1|5|0|4|1|,1|kb,1|kw,1|0|6|0|5|,1|0|1|0|3|,1|2|7|6|3|
Benoni: Classical Variation,2|3|1|3|3|,2|6|7|5|5|,2|2|1|2|3|,2|2|6|2|4|,2|3|3|3|4|,2|4|6|4|5|,2|1|0|2|2|,2|4|5|3|4|,2|2|3|3|4|,2|3|6|3|5|,2|4|1|4|3|,2|6|6|6|5|,2|6|0|5|2|,2|5|7|6|1|,2|5|0|4|1|,2|kb,2|kw,2|0|6|0|5|,2|0|1|0|3|,2|2|7|6|3|
Benoni Defense: Classical Variation,1|3|1|3|3|,1|6|7|5|5|,1|2|1|2|3|,1|2|6|2|4|,1|3|3|3|4|,1|4|6|4|5|,1|1|0|2|2|,1|4|5|3|4|,1|2|3|3|4|,1|3|6|3|5|,1|4|1|4|3|,1|6|6|6|5|,1|6|0|5|2|,1|5|7|6|6|,1|5|0|4|1|,1|kb,1|kw,1|5|7|4|7|,1|5|2|3|1|,1|1|7|0|5|
Benoni Defense: Classical Variation,2|3|1|3|3|,2|6|7|5|5|,2|2|1|2|3|,2|2|6|2|4|,2|3|3|3|4|,2|4|6|4|5|,2|1|0|2|2|,2|4|5|3|4|,2|2|3|3|4|,2|3|6|3|5|,2|4|1|4|3|,2|6|6|6|5|,2|6|0|5|2|,2|5|7|6|6|,2|5|0|4|1|,2|kb,2|kw,2|5|7|4|7|,2|5|2|3|1|,2|1|7|0|5|
Benoni Defense: Fianchetto Variation,1|3|1|3|3|,1|6|7|5|5|,1|2|1|2|3|,1|2|6|2|4|,1|3|3|3|4|,1|4|6|4|5|,1|1|0|2|2|,1|4|5|3|5|,1|2|3|3|4|,1|3|6|3|5|,1|6|0|5|2|,1|6|6|6|5|,1|6|1|6|2|,1|5|7|6|6|,1|5|0|6|1|,1|kb,1|kw,1|1|7|3|6|,1|5|2|3|1|,1|0|6|0|5|,1|0|1|0|3|,1|5|7|4|7|
Benoni Defense: Fianchetto Variation,2|3|1|3|3|,2|6|7|5|5|,2|2|1|2|3|,2|2|6|2|4|,2|3|3|3|4|,2|4|6|4|5|,2|1|0|2|2|,2|4|5|3|5|,2|2|3|3|4|,2|3|6|3|5|,2|6|0|5|2|,2|6|6|6|5|,2|6|1|6|2|,2|5|7|6|6|,2|5|0|6|1|,2|kb,2|kw,2|1|7|3|6|,2|5|2|3|1|,2|0|6|0|5|,2|0|1|0|3|,2|5|7|4|7|
Old Indian: Ukranian Variation,1|3|1|3|3|,1|6|7|5|5|,1|2|1|2|3|,1|3|6|3|5|,1|1|0|2|2|,1|4|6|4|4|
Old Indian: Ukranian Variation,2|3|1|3|3|,2|6|7|5|5|,2|2|1|2|3|,2|3|6|3|5|,2|1|0|2|2|,2|4|6|4|4|
Old Indian: Main Line,1|3|1|3|3|,1|6|7|5|5|,1|2|1|2|3|,1|3|6|3|5|,1|1|0|2|2|,1|4|6|4|4|,1|6|0|5|2|,1|1|7|3|6|,1|4|1|4|3|
Old Indian: Main Line,2|3|1|3|3|,2|6|7|5|5|,2|2|1|2|3|,2|3|6|3|5|,2|1|0|2|2|,2|4|6|4|4|,2|6|0|5|2|,2|1|7|3|6|,2|4|1|4|3|
Queen's Gambit Declined: Semi-Slav,1|3|1|3|3|,1|3|6|3|4|,1|2|1|2|3|,1|4|6|4|5|,1|1|0|2|2|,1|6|7|5|5|,1|6|0|5|2|,1|2|6|2|5|,1|2|0|6|4|,1|3|4|2|3|
Queen's Gambit Declined: Semi-Slav,2|3|1|3|3|,2|3|6|3|4|,2|2|1|2|3|,2|4|6|4|5|,2|1|0|2|2|,2|6|7|5|5|,2|6|0|5|2|,2|2|6|2|5|,2|2|0|6|4|,2|3|4|2|3|
Dutch Defense: Leningrad - Main Variation,1|3|1|3|3|,1|5|6|5|4|,1|2|1|2|3|,1|6|7|5|5|,1|6|1|6|2|,1|6|6|6|5|,1|5|0|6|1|,1|5|7|6|6|,1|6|0|5|2|,1|kb,1|kw,1|3|6|3|5|,1|1|0|2|2|,1|2|6|2|5|
Dutch Defense: Leningrad - Main Variation,2|3|1|3|3|,2|5|6|5|4|,2|2|1|2|3|,2|6|7|5|5|,2|6|1|6|2|,2|6|6|6|5|,2|5|0|6|1|,2|5|7|6|6|,2|6|0|5|2|,2|kb,2|kw,2|3|6|3|5|,2|1|0|2|2|,2|2|6|2|5|
Dutch Defense: Leningrad - Main Variation,1|3|1|3|3|,1|5|6|5|4|,1|2|1|2|3|,1|6|7|5|5|,1|6|1|6|2|,1|6|6|6|5|,1|5|0|6|1|,1|5|7|6|6|,1|6|0|5|2|,1|kb,1|kw,1|3|6|3|5|,1|1|0|2|2|,1|1|7|2|5|
Dutch Defense: Leningrad - Main Variation,2|3|1|3|3|,2|5|6|5|4|,2|2|1|2|3|,2|6|7|5|5|,2|6|1|6|2|,2|6|6|6|5|,2|5|0|6|1|,2|5|7|6|6|,2|6|0|5|2|,2|kb,2|kw,2|3|6|3|5|,2|1|0|2|2|,2|1|7|2|5|
Reti Opening,1|6|0|5|2|,1|6|7|5|5|
Reti Opening,2|6|0|5|2|,2|6|7|5|5|
Reti Opening,1|6|0|5|2|,1|3|6|3|4|
Reti Opening,2|6|0|5|2|,2|3|6|3|4|
Reti Opening: King's Indian Attack,1|6|0|5|2|,1|3|6|3|4|,1|6|1|6|2|,1|2|6|2|4|,1|5|0|6|1|
Reti Opening: King's Indian Attack,2|6|0|5|2|,2|3|6|3|4|,2|6|1|6|2|,2|2|6|2|4|,2|5|0|6|1|
Robatsch Defense,1|4|1|4|3|,1|6|6|6|5|
Robatsch Defense,2|4|1|4|3|,2|6|6|6|5|
Pirc: Austrian Attack,1|4|1|4|3|,1|3|6|3|5|,1|3|1|3|3|,1|6|7|5|5|,1|1|0|2|2|,1|6|6|6|5|,1|5|1|5|3|
Pirc: Austrian Attack,2|4|1|4|3|,2|3|6|3|5|,2|3|1|3|3|,2|6|7|5|5|,2|1|0|2|2|,2|6|6|6|5|,2|5|1|5|3|
Sicilian Defense,1|4|1|4|3|,1|2|6|2|4|,1|6|0|5|2|,1|1|7|2|5|,1|3|1|3|3|
Sicilian Defense,2|4|1|4|3|,2|2|6|2|4|,2|6|0|5|2|,2|1|7|2|5|,2|3|1|3|3|
Sicilian Defense,1|4|1|4|3|,1|2|6|2|4|,1|6|0|5|2|,1|1|7|2|5|,1|3|1|3|3|,1|2|4|3|3|,1|5|2|3|3|,1|6|7|5|5|
Sicilian Defense,2|4|1|4|3|,2|2|6|2|4|,2|6|0|5|2|,2|1|7|2|5|,2|3|1|3|3|,2|2|4|3|3|,2|5|2|3|3|,2|6|7|5|5|
Sicilian: Accelerated Fianchetto - Exchange Variation,1|4|1|4|3|,1|2|6|2|4|,1|6|0|5|2|,1|1|7|2|5|,1|3|1|3|3|,1|2|4|3|3|,1|5|2|3|3|,1|6|6|6|5|,1|3|3|2|5|
Sicilian: Accelerated Fianchetto - Exchange Variation,2|4|1|4|3|,2|2|6|2|4|,2|6|0|5|2|,2|1|7|2|5|,2|3|1|3|3|,2|2|4|3|3|,2|5|2|3|3|,2|6|6|6|5|,2|3|3|2|5|
Sicilian: Accelerated Fianchetto - Modern Variation,1|4|1|4|3|,1|2|6|2|4|,1|6|0|5|2|,1|1|7|2|5|,1|3|1|3|3|,1|2|4|3|3|,1|5|2|3|3|,1|6|6|6|5|,1|1|0|2|2|,1|5|7|6|6|,1|2|0|4|2|,1|6|7|5|5|,1|5|0|2|3|
Sicilian: Accelerated Fianchetto - Modern Variation,2|4|1|4|3|,2|2|6|2|4|,2|6|0|5|2|,2|1|7|2|5|,2|3|1|3|3|,2|2|4|3|3|,2|5|2|3|3|,2|6|6|6|5|,2|1|0|2|2|,2|5|7|6|6|,2|2|0|4|2|,2|6|7|5|5|,2|5|0|2|3|
Sicilian: Accelerated Fianchetto - Maroczy Bind,1|4|1|4|3|,1|2|6|2|4|,1|6|0|5|2|,1|1|7|2|5|,1|3|1|3|3|,1|2|4|3|3|,1|5|2|3|3|,1|6|6|6|5|,1|2|1|2|3|
Sicilian: Accelerated Fianchetto - Maroczy Bind,2|4|1|4|3|,2|2|6|2|4|,2|6|0|5|2|,2|1|7|2|5|,2|3|1|3|3|,2|2|4|3|3|,2|5|2|3|3|,2|6|6|6|5|,2|2|1|2|3|
Sicilian: Accelerated Fianchetto - Maroczy Bind,1|4|1|4|3|,1|2|6|2|4|,1|6|0|5|2|,1|1|7|2|5|,1|3|1|3|3|,1|2|4|3|3|,1|5|2|3|3|,1|6|6|6|5|,1|2|1|2|3|,1|5|7|6|6|
Sicilian: Accelerated Fianchetto - Maroczy Bind,2|4|1|4|3|,2|2|6|2|4|,2|6|0|5|2|,2|1|7|2|5|,2|3|1|3|3|,2|2|4|3|3|,2|5|2|3|3|,2|6|6|6|5|,2|2|1|2|3|,2|5|7|6|6|
Sicilian: Accelerated Fianchetto - Maroczy Bind,1|4|1|4|3|,1|2|6|2|4|,1|6|0|5|2|,1|1|7|2|5|,1|3|1|3|3|,1|2|4|3|3|,1|5|2|3|3|,1|6|6|6|5|,1|2|1|2|3|,1|5|7|6|6|,1|2|0|4|2|
Sicilian: Accelerated Fianchetto - Maroczy Bind,2|4|1|4|3|,2|2|6|2|4|,2|6|0|5|2|,2|1|7|2|5|,2|3|1|3|3|,2|2|4|3|3|,2|5|2|3|3|,2|6|6|6|5|,2|2|1|2|3|,2|5|7|6|6|,2|2|0|4|2|
Sicilian: Accelerated Fianchetto - Breyer Variation,1|4|1|4|3|,1|2|6|2|4|,1|6|0|5|2|,1|1|7|2|5|,1|3|1|3|3|,1|2|4|3|3|,1|5|2|3|3|,1|6|6|6|5|,1|2|1|2|3|,1|5|7|6|6|,1|2|0|4|2|,1|6|7|5|5|,1|1|0|2|2|,1|5|5|6|3|
Sicilian: Accelerated Fianchetto - Breyer Variation,2|4|1|4|3|,2|2|6|2|4|,2|6|0|5|2|,2|1|7|2|5|,2|3|1|3|3|,2|2|4|3|3|,2|5|2|3|3|,2|6|6|6|5|,2|2|1|2|3|,2|5|7|6|6|,2|2|0|4|2|,2|6|7|5|5|,2|1|0|2|2|,2|5|5|6|3|
Sicilian Defense,1|4|1|4|3|,1|2|6|2|4|,1|6|0|5|2|,1|4|6|4|5|
Sicilian Defense,2|4|1|4|3|,2|2|6|2|4|,2|6|0|5|2|,2|4|6|4|5|
Sicilian Defense: Kan Variation,1|4|1|4|3|,1|2|6|2|4|,1|6|0|5|2|,1|4|6|4|5|,1|3|1|3|3|,1|2|4|3|3|,1|5|2|3|3|,1|0|6|0|5|
Sicilian Defense: Kan Variation,2|4|1|4|3|,2|2|6|2|4|,2|6|0|5|2|,2|4|6|4|5|,2|3|1|3|3|,2|2|4|3|3|,2|5|2|3|3|,2|0|6|0|5|
Sicilian Defense: Kan Variation,1|4|1|4|3|,1|2|6|2|4|,1|6|0|5|2|,1|4|6|4|5|,1|3|1|3|3|,1|2|4|3|3|,1|5|2|3|3|,1|0|6|0|5|,1|5|0|3|2|
Sicilian Defense: Kan Variation,2|4|1|4|3|,2|2|6|2|4|,2|6|0|5|2|,2|4|6|4|5|,2|3|1|3|3|,2|2|4|3|3|,2|5|2|3|3|,2|0|6|0|5|,2|5|0|3|2|
Sicilian Defense: Kan Variation,1|4|1|4|3|,1|2|6|2|4|,1|6|0|5|2|,1|4|6|4|5|,1|3|1|3|3|,1|2|4|3|3|,1|5|2|3|3|,1|0|6|0|5|,1|1|0|2|2|
Sicilian Defense: Kan Variation,2|4|1|4|3|,2|2|6|2|4|,2|6|0|5|2|,2|4|6|4|5|,2|3|1|3|3|,2|2|4|3|3|,2|5|2|3|3|,2|0|6|0|5|,2|1|0|2|2|
Sicilian Defense,1|4|1|4|3|,1|2|6|2|4|,1|6|0|5|2|,1|4|6|4|5|,1|3|1|3|3|,1|2|4|3|3|,1|5|2|3|3|,1|1|7|2|5|
Sicilian Defense,2|4|1|4|3|,2|2|6|2|4|,2|6|0|5|2|,2|4|6|4|5|,2|3|1|3|3|,2|2|4|3|3|,2|5|2|3|3|,2|1|7|2|5|
Sicilian Defense: Taimanov Variation,1|4|1|4|3|,1|2|6|2|4|,1|6|0|5|2|,1|4|6|4|5|,1|3|1|3|3|,1|2|4|3|3|,1|5|2|3|3|,1|1|7|2|5|,1|1|0|2|2|
Sicilian Defense: Taimanov Variation,2|4|1|4|3|,2|2|6|2|4|,2|6|0|5|2|,2|4|6|4|5|,2|3|1|3|3|,2|2|4|3|3|,2|5|2|3|3|,2|1|7|2|5|,2|1|0|2|2|
Sicilian Defense: Taimanov Variation,1|4|1|4|3|,1|2|6|2|4|,1|6|0|5|2|,1|4|6|4|5|,1|3|1|3|3|,1|2|4|3|3|,1|5|2|3|3|,1|1|7|2|5|,1|1|0|2|2|,1|0|6|0|5|
Sicilian Defense: Taimanov Variation,2|4|1|4|3|,2|2|6|2|4|,2|6|0|5|2|,2|4|6|4|5|,2|3|1|3|3|,2|2|4|3|3|,2|5|2|3|3|,2|1|7|2|5|,2|1|0|2|2|,2|0|6|0|5|
Sicilian Defense: Bastrikov Variation,1|4|1|4|3|,1|2|6|2|4|,1|6|0|5|2|,1|4|6|4|5|,1|3|1|3|3|,1|2|4|3|3|,1|5|2|3|3|,1|1|7|2|5|,1|1|0|2|2|,1|3|7|2|6|
Sicilian Defense: Bastrikov Variation,2|4|1|4|3|,2|2|6|2|4|,2|6|0|5|2|,2|4|6|4|5|,2|3|1|3|3|,2|2|4|3|3|,2|5|2|3|3|,2|1|7|2|5|,2|1|0|2|2|,2|3|7|2|6|
Sicilian Defense: Taimanov Variation,1|4|1|4|3|,1|2|6|2|4|,1|6|0|5|2|,1|4|6|4|5|,1|3|1|3|3|,1|2|4|3|3|,1|5|2|3|3|,1|1|7|2|5|,1|1|0|2|2|,1|3|7|2|6|,1|2|0|4|2|
Sicilian Defense: Taimanov Variation,2|4|1|4|3|,2|2|6|2|4|,2|6|0|5|2|,2|4|6|4|5|,2|3|1|3|3|,2|2|4|3|3|,2|5|2|3|3|,2|1|7|2|5|,2|1|0|2|2|,2|3|7|2|6|,2|2|0|4|2|
Sicilian Defense: Taimanov Variation,1|4|1|4|3|,1|2|6|2|4|,1|6|0|5|2|,1|4|6|4|5|,1|3|1|3|3|,1|2|4|3|3|,1|5|2|3|3|,1|1|7|2|5|,1|1|0|2|2|,1|3|7|2|6|,1|2|0|4|2|,1|0|6|0|5|,1|5|0|4|1|
Sicilian Defense: Taimanov Variation,2|4|1|4|3|,2|2|6|2|4|,2|6|0|5|2|,2|4|6|4|5|,2|3|1|3|3|,2|2|4|3|3|,2|5|2|3|3|,2|1|7|2|5|,2|1|0|2|2|,2|3|7|2|6|,2|2|0|4|2|,2|0|6|0|5|,2|5|0|4|1|
Sicilian Defense,1|4|1|4|3|,1|2|6|2|4|,1|6|0|5|2|,1|3|6|3|5|
Sicilian Defense,2|4|1|4|3|,2|2|6|2|4|,2|6|0|5|2|,2|3|6|3|5|
Sicilian: Canal-Sokolsky Attack,1|4|1|4|3|,1|2|6|2|4|,1|6|0|5|2|,1|3|6|3|5|,1|5|0|1|4|,1|2|7|3|6|
Sicilian: Canal-Sokolsky Attack,2|4|1|4|3|,2|2|6|2|4|,2|6|0|5|2|,2|3|6|3|5|,2|5|0|1|4|,2|2|7|3|6|
Sicilian Defense: Chekhover Variation,1|4|1|4|3|,1|2|6|2|4|,1|6|0|5|2|,1|3|6|3|5|,1|3|1|3|3|,1|2|4|3|3|,1|3|0|3|3|
Sicilian Defense: Chekhover Variation,2|4|1|4|3|,2|2|6|2|4|,2|6|0|5|2|,2|3|6|3|5|,2|3|1|3|3|,2|2|4|3|3|,2|3|0|3|3|
Sicilian Defense,1|4|1|4|3|,1|2|6|2|4|,1|6|0|5|2|,1|3|6|3|5|,1|3|1|3|3|,1|2|4|3|3|,1|5|2|3|3|
Sicilian Defense,2|4|1|4|3|,2|2|6|2|4|,2|6|0|5|2|,2|3|6|3|5|,2|3|1|3|3|,2|2|4|3|3|,2|5|2|3|3|
Sicilian: Richter-Ruzer - Rauzer Attack,1|4|1|4|3|,1|2|6|2|4|,1|6|0|5|2|,1|3|6|3|5|,1|3|1|3|3|,1|2|4|3|3|,1|5|2|3|3|,1|6|7|5|5|,1|1|0|2|2|,1|1|7|2|5|,1|2|0|6|4|,1|4|6|4|5|,1|3|0|3|1|,1|0|6|0|5|,1|qw,1|2|7|3|6|,1|5|1|5|3|,1|5|7|4|6|,1|3|3|5|2|,1|1|6|1|4|,1|6|4|5|5|
Sicilian: Richter-Ruzer - Rauzer Attack,2|4|1|4|3|,2|2|6|2|4|,2|6|0|5|2|,2|3|6|3|5|,2|3|1|3|3|,2|2|4|3|3|,2|5|2|3|3|,2|6|7|5|5|,2|1|0|2|2|,2|1|7|2|5|,2|2|0|6|4|,2|4|6|4|5|,2|3|0|3|1|,2|0|6|0|5|,2|qw,2|2|7|3|6|,2|5|1|5|3|,2|5|7|4|6|,2|3|3|5|2|,2|1|6|1|4|,2|6|4|5|5|
Sicilian: Prins variation - Venice Attack,1|4|1|4|3|,1|2|6|2|4|,1|6|0|5|2|,1|3|6|3|5|,1|3|1|3|3|,1|2|4|3|3|,1|5|2|3|3|,1|6|7|5|5|,1|5|1|5|2|,1|4|6|4|4|,1|5|0|1|4|
Sicilian: Prins variation - Venice Attack,2|4|1|4|3|,2|2|6|2|4|,2|6|0|5|2|,2|3|6|3|5|,2|3|1|3|3|,2|2|4|3|3|,2|5|2|3|3|,2|6|7|5|5|,2|5|1|5|2|,2|4|6|4|4|,2|5|0|1|4|
Sicilian: Dragon Variation,1|4|1|4|3|,1|2|6|2|4|,1|6|0|5|2|,1|3|6|3|5|,1|3|1|3|3|,1|2|4|3|3|,1|5|2|3|3|,1|6|7|5|5|,1|1|0|2|2|,1|6|6|6|5|
Sicilian: Dragon Variation,2|4|1|4|3|,2|2|6|2|4|,2|6|0|5|2|,2|3|6|3|5|,2|3|1|3|3|,2|2|4|3|3|,2|5|2|3|3|,2|6|7|5|5|,2|1|0|2|2|,2|6|6|6|5|
Sicilian: Dragon - Levenfish Variation,1|4|1|4|3|,1|2|6|2|4|,1|6|0|5|2|,1|3|6|3|5|,1|3|1|3|3|,1|2|4|3|3|,1|5|2|3|3|,1|6|7|5|5|,1|1|0|2|2|,1|6|6|6|5|,1|5|1|5|3|
Sicilian: Dragon - Levenfish Variation,2|4|1|4|3|,2|2|6|2|4|,2|6|0|5|2|,2|3|6|3|5|,2|3|1|3|3|,2|2|4|3|3|,2|5|2|3|3|,2|6|7|5|5|,2|1|0|2|2|,2|6|6|6|5|,2|5|1|5|3|
Sicilian: Dragon - Classical Variation,1|4|1|4|3|,1|2|6|2|4|,1|6|0|5|2|,1|3|6|3|5|,1|3|1|3|3|,1|2|4|3|3|,1|5|2|3|3|,1|6|7|5|5|,1|1|0|2|2|,1|6|6|6|5|,1|2|0|4|2|,1|5|7|6|6|,1|5|0|4|1|,1|1|7|2|5|,1|kw,1|kb,1|3|3|1|2|
Sicilian: Dragon - Classical Variation,2|4|1|4|3|,2|2|6|2|4|,2|6|0|5|2|,2|3|6|3|5|,2|3|1|3|3|,2|2|4|3|3|,2|5|2|3|3|,2|6|7|5|5|,2|1|0|2|2|,2|6|6|6|5|,2|2|0|4|2|,2|5|7|6|6|,2|5|0|4|1|,2|1|7|2|5|,2|kw,2|kb,2|3|3|1|2|
Sicilian: Dragon - Yugoslav Attack,1|4|1|4|3|,1|2|6|2|4|,1|6|0|5|2|,1|3|6|3|5|,1|3|1|3|3|,1|2|4|3|3|,1|5|2|3|3|,1|6|7|5|5|,1|1|0|2|2|,1|6|6|6|5|,1|2|0|4|2|,1|5|7|6|6|,1|5|1|5|2|,1|kb
Sicilian: Dragon - Yugoslav Attack,2|4|1|4|3|,2|2|6|2|4|,2|6|0|5|2|,2|3|6|3|5|,2|3|1|3|3|,2|2|4|3|3|,2|5|2|3|3|,2|6|7|5|5|,2|1|0|2|2|,2|6|6|6|5|,2|2|0|4|2|,2|5|7|6|6|,2|5|1|5|2|,2|kb
Sicilian: Dragon - Yugoslav Attack,1|4|1|4|3|,1|2|6|2|4|,1|6|0|5|2|,1|3|6|3|5|,1|3|1|3|3|,1|2|4|3|3|,1|5|2|3|3|,1|6|7|5|5|,1|1|0|2|2|,1|6|6|6|5|,1|2|0|4|2|,1|5|7|6|6|,1|5|1|5|2|,1|kb,1|3|0|3|1|,1|1|7|2|5|,1|5|0|2|3|,1|2|7|3|6|,1|qw,1|3|7|0|4|,1|2|3|1|2|,1|5|7|2|7|,1|7|1|7|3|
Sicilian: Dragon - Yugoslav Attack,2|4|1|4|3|,2|2|6|2|4|,2|6|0|5|2|,2|3|6|3|5|,2|3|1|3|3|,2|2|4|3|3|,2|5|2|3|3|,2|6|7|5|5|,2|1|0|2|2|,2|6|6|6|5|,2|2|0|4|2|,2|5|7|6|6|,2|5|1|5|2|,2|kb,2|3|0|3|1|,2|1|7|2|5|,2|5|0|2|3|,2|2|7|3|6|,2|qw,2|3|7|0|4|,2|2|3|1|2|,2|5|7|2|7|,2|7|1|7|3|
Sicilian: Scheveningen Variation,1|4|1|4|3|,1|2|6|2|4|,1|6|0|5|2|,1|3|6|3|5|,1|3|1|3|3|,1|2|4|3|3|,1|5|2|3|3|,1|6|7|5|5|,1|1|0|2|2|,1|4|6|4|5|
Sicilian: Scheveningen Variation,2|4|1|4|3|,2|2|6|2|4|,2|6|0|5|2|,2|3|6|3|5|,2|3|1|3|3|,2|2|4|3|3|,2|5|2|3|3|,2|6|7|5|5|,2|1|0|2|2|,2|4|6|4|5|
Sicilian: Scheveningen - Classical Variation,1|4|1|4|3|,1|2|6|2|4|,1|6|0|5|2|,1|3|6|3|5|,1|3|1|3|3|,1|2|4|3|3|,1|5|2|3|3|,1|6|7|5|5|,1|1|0|2|2|,1|4|6|4|5|,1|5|0|4|1|,1|0|6|0|5|,1|kw,1|3|7|2|6|,1|5|1|5|3|,1|1|7|2|5|
Sicilian: Scheveningen - Classical Variation,2|4|1|4|3|,2|2|6|2|4|,2|6|0|5|2|,2|3|6|3|5|,2|3|1|3|3|,2|2|4|3|3|,2|5|2|3|3|,2|6|7|5|5|,2|1|0|2|2|,2|4|6|4|5|,2|5|0|4|1|,2|0|6|0|5|,2|kw,2|3|7|2|6|,2|5|1|5|3|,2|1|7|2|5|
Sicilian: Sozin Attack,1|4|1|4|3|,1|2|6|2|4|,1|6|0|5|2|,1|3|6|3|5|,1|3|1|3|3|,1|2|4|3|3|,1|5|2|3|3|,1|6|7|5|5|,1|1|0|2|2|,1|4|6|4|5|,1|5|0|2|3|,1|0|6|0|5|,1|2|3|1|2|,1|1|6|1|4|
Sicilian: Sozin Attack,2|4|1|4|3|,2|2|6|2|4|,2|6|0|5|2|,2|3|6|3|5|,2|3|1|3|3|,2|2|4|3|3|,2|5|2|3|3|,2|6|7|5|5|,2|1|0|2|2|,2|4|6|4|5|,2|5|0|2|3|,2|0|6|0|5|,2|2|3|1|2|,2|1|6|1|4|
Sicilian: Najdorf Variation,1|4|1|4|3|,1|2|6|2|4|,1|6|0|5|2|,1|3|6|3|5|,1|3|1|3|3|,1|2|4|3|3|,1|5|2|3|3|,1|6|7|5|5|,1|1|0|2|2|,1|0|6|0|5|
Sicilian: Najdorf Variation,2|4|1|4|3|,2|2|6|2|4|,2|6|0|5|2|,2|3|6|3|5|,2|3|1|3|3|,2|2|4|3|3|,2|5|2|3|3|,2|6|7|5|5|,2|1|0|2|2|,2|0|6|0|5|
King's Gambit Accepted: Abbazia Defense,1|4|1|4|3|,1|4|6|4|4|,1|5|1|5|3|,1|4|4|5|3|,1|6|0|5|2|,1|3|6|3|4|
King's Gambit Accepted: Abbazia Defense,2|4|1|4|3|,2|4|6|4|4|,2|5|1|5|3|,2|4|4|5|3|,2|6|0|5|2|,2|3|6|3|4|
Ruy Lopez: Berlin Defense,1|4|1|4|3|,1|4|6|4|4|,1|6|0|5|2|,1|1|7|2|5|,1|5|0|1|4|,1|6|7|5|5|,1|kw,1|3|6|3|5|
Ruy Lopez: Berlin Defense,2|4|1|4|3|,2|4|6|4|4|,2|6|0|5|2|,2|1|7|2|5|,2|5|0|1|4|,2|6|7|5|5|,2|kw,2|3|6|3|5|
Ruy Lopez: Berlin Defense - Open Variation,1|4|1|4|3|,1|4|6|4|4|,1|6|0|5|2|,1|1|7|2|5|,1|5|0|1|4|,1|6|7|5|5|,1|kw,1|5|5|4|3|
Ruy Lopez: Berlin Defense - Open Variation,2|4|1|4|3|,2|4|6|4|4|,2|6|0|5|2|,2|1|7|2|5|,2|5|0|1|4|,2|6|7|5|5|,2|kw,2|5|5|4|3|
Ruy Lopez: Exchange Variation,1|4|1|4|3|,1|4|6|4|4|,1|6|0|5|2|,1|1|7|2|5|,1|5|0|1|4|,1|0|6|0|5|,1|1|4|2|5|,1|3|6|2|5|,1|kw
Ruy Lopez: Exchange Variation,2|4|1|4|3|,2|4|6|4|4|,2|6|0|5|2|,2|1|7|2|5|,2|5|0|1|4|,2|0|6|0|5|,2|1|4|2|5|,2|3|6|2|5|,2|kw
Ruy Lopez: Modern Steinitz Defense,1|4|1|4|3|,1|4|6|4|4|,1|6|0|5|2|,1|1|7|2|5|,1|5|0|1|4|,1|0|6|0|5|,1|1|4|0|3|,1|3|6|3|5|,1|kw
Ruy Lopez: Modern Steinitz Defense,2|4|1|4|3|,2|4|6|4|4|,2|6|0|5|2|,2|1|7|2|5|,2|5|0|1|4|,2|0|6|0|5|,2|1|4|0|3|,2|3|6|3|5|,2|kw
Ruy Lopez,1|4|1|4|3|,1|4|6|4|4|,1|6|0|5|2|,1|1|7|2|5|,1|5|0|1|4|,1|0|6|0|5|,1|1|4|0|3|,1|6|7|5|5|,1|kw
Ruy Lopez,2|4|1|4|3|,2|4|6|4|4|,2|6|0|5|2|,2|1|7|2|5|,2|5|0|1|4|,2|0|6|0|5|,2|1|4|0|3|,2|6|7|5|5|,2|kw
Ruy Lopez: Russian Defense,1|4|1|4|3|,1|4|6|4|4|,1|6|0|5|2|,1|1|7|2|5|,1|5|0|1|4|,1|0|6|0|5|,1|1|4|0|3|,1|6|7|5|5|,1|kw,1|3|6|3|5|
Ruy Lopez: Russian Defense,2|4|1|4|3|,2|4|6|4|4|,2|6|0|5|2|,2|1|7|2|5|,2|5|0|1|4|,2|0|6|0|5|,2|1|4|0|3|,2|6|7|5|5|,2|kw,2|3|6|3|5|
Ruy Lopez: Tarrasch Defense,1|4|1|4|3|,1|4|6|4|4|,1|6|0|5|2|,1|1|7|2|5|,1|5|0|1|4|,1|0|6|0|5|,1|1|4|0|3|,1|6|7|5|5|,1|kw,1|5|5|4|3|
Ruy Lopez: Tarrasch Defense,2|4|1|4|3|,2|4|6|4|4|,2|6|0|5|2|,2|1|7|2|5|,2|5|0|1|4|,2|0|6|0|5|,2|1|4|0|3|,2|6|7|5|5|,2|kw,2|5|5|4|3|
Ruy Lopez: Open - Howell Attack,1|4|1|4|3|,1|4|6|4|4|,1|6|0|5|2|,1|1|7|2|5|,1|5|0|1|4|,1|0|6|0|5|,1|1|4|0|3|,1|6|7|5|5|,1|kw,1|5|5|4|3|,1|3|1|3|3|,1|1|6|1|4|,1|0|3|1|2|,1|3|6|3|4|,1|3|4|4|5|,1|2|7|4|5|,1|3|0|4|1|
Ruy Lopez: Open - Howell Attack,2|4|1|4|3|,2|4|6|4|4|,2|6|0|5|2|,2|1|7|2|5|,2|5|0|1|4|,2|0|6|0|5|,2|1|4|0|3|,2|6|7|5|5|,2|kw,2|5|5|4|3|,2|3|1|3|3|,2|1|6|1|4|,2|0|3|1|2|,2|3|6|3|4|,2|3|4|4|5|,2|2|7|4|5|,2|3|0|4|1|
Ruy Lopez: Open - Classical Defense,1|4|1|4|3|,1|4|6|4|4|,1|6|0|5|2|,1|1|7|2|5|,1|5|0|1|4|,1|0|6|0|5|,1|1|4|0|3|,1|6|7|5|5|,1|kw,1|5|5|4|3|,1|3|1|3|3|,1|1|6|1|4|,1|0|3|1|2|,1|3|6|3|4|,1|3|3|4|4|,1|2|7|4|5|,1|2|1|2|2|,1|5|7|4|6|
Ruy Lopez: Open - Classical Defense,2|4|1|4|3|,2|4|6|4|4|,2|6|0|5|2|,2|1|7|2|5|,2|5|0|1|4|,2|0|6|0|5|,2|1|4|0|3|,2|6|7|5|5|,2|kw,2|5|5|4|3|,2|3|1|3|3|,2|1|6|1|4|,2|0|3|1|2|,2|3|6|3|4|,2|3|3|4|4|,2|2|7|4|5|,2|2|1|2|2|,2|5|7|4|6|
Ruy Lopez: Closed Defense,1|4|1|4|3|,1|4|6|4|4|,1|6|0|5|2|,1|1|7|2|5|,1|5|0|1|4|,1|0|6|0|5|,1|1|4|0|3|,1|6|7|5|5|,1|kw,1|5|7|4|6|
Ruy Lopez: Closed Defense,2|4|1|4|3|,2|4|6|4|4|,2|6|0|5|2|,2|1|7|2|5|,2|5|0|1|4|,2|0|6|0|5|,2|1|4|0|3|,2|6|7|5|5|,2|kw,2|5|7|4|6|
Ruy Lopez: Exchange Variation Doubly Deferred,1|4|1|4|3|,1|4|6|4|4|,1|6|0|5|2|,1|1|7|2|6|,1|5|0|1|4|,1|0|6|0|5|,1|1|4|0|3|,1|6|7|5|5|,1|kw,1|5|7|4|6|,1|0|3|2|5|
Ruy Lopez: Exchange Variation Doubly Deferred,2|4|1|4|3|,2|4|6|4|4|,2|6|0|5|2|,2|1|7|2|6|,2|5|0|1|4|,2|0|6|0|5|,2|1|4|0|3|,2|6|7|5|5|,2|kw,2|5|7|4|6|,2|0|3|2|5|
Ruy Lopez: Worrall Attack,1|4|1|4|3|,1|4|6|4|4|,1|6|0|5|2|,1|1|7|2|5|,1|5|0|1|4|,1|0|6|0|5|,1|1|4|0|3|,1|6|7|5|5|,1|kw,1|5|7|4|6|,1|3|0|4|1|
Ruy Lopez: Worrall Attack,2|4|1|4|3|,2|4|6|4|4|,2|6|0|5|2|,2|1|7|2|5|,2|5|0|1|4|,2|0|6|0|5|,2|1|4|0|3|,2|6|7|5|5|,2|kw,2|5|7|4|6|,2|3|0|4|1|
Ruy Lopez: Closed - Averbach Variation,1|4|1|4|3|,1|4|6|4|4|,1|6|0|5|2|,1|1|7|2|5|,1|5|0|1|4|,1|0|6|0|5|,1|1|4|0|3|,1|6|7|5|5|,1|kw,1|5|7|4|6|,1|5|0|4|0|,1|3|6|3|5|
Ruy Lopez: Closed - Averbach Variation,2|4|1|4|3|,2|4|6|4|4|,2|6|0|5|2|,2|1|7|2|5|,2|5|0|1|4|,2|0|6|0|5|,2|1|4|0|3|,2|6|7|5|5|,2|kw,2|5|7|4|6|,2|5|0|4|0|,2|3|6|3|5|
Ruy Lopez: Closed,1|4|1|4|3|,1|4|6|4|4|,1|6|0|5|2|,1|1|7|2|5|,1|5|0|1|4|,1|0|6|0|5|,1|1|4|0|3|,1|6|7|5|5|,1|kw,1|5|7|4|6|,1|5|0|4|0|,1|1|6|1|4|,1|0|3|1|2|
Ruy Lopez: Closed,2|4|1|4|3|,2|4|6|4|4|,2|6|0|5|2|,2|1|7|2|5|,2|5|0|1|4|,2|0|6|0|5|,2|1|4|0|3|,2|6|7|5|5|,2|kw,2|5|7|4|6|,2|5|0|4|0|,2|1|6|1|4|,2|0|3|1|2|
Ruy Lopez: Marshall Counter-Attack,1|4|1|4|3|,1|4|6|4|4|,1|6|0|5|2|,1|1|7|2|5|,1|5|0|1|4|,1|0|6|0|5|,1|1|4|0|3|,1|6|7|5|5|,1|kw,1|5|7|4|6|,1|5|0|4|0|,1|1|6|1|4|,1|0|3|1|2|,1|kb,1|2|1|2|2|,1|3|6|3|4|
Ruy Lopez: Marshall Counter-Attack,2|4|1|4|3|,2|4|6|4|4|,2|6|0|5|2|,2|1|7|2|5|,2|5|0|1|4|,2|0|6|0|5|,2|1|4|0|3|,2|6|7|5|5|,2|kw,2|5|7|4|6|,2|5|0|4|0|,2|1|6|1|4|,2|0|3|1|2|,2|kb,2|2|1|2|2|,2|3|6|3|4|
Ruy Lopez: Closed,1|4|1|4|3|,1|4|6|4|4|,1|6|0|5|2|,1|1|7|2|5|,1|5|0|1|4|,1|0|6|0|5|,1|1|4|0|3|,1|6|7|5|5|,1|kw,1|5|7|4|6|,1|5|0|4|0|,1|1|6|1|4|,1|0|3|1|2|,1|kb,1|2|1|2|2|,1|3|6|3|5|
Ruy Lopez: Closed,2|4|1|4|3|,2|4|6|4|4|,2|6|0|5|2|,2|1|7|2|5|,2|5|0|1|4|,2|0|6|0|5|,2|1|4|0|3|,2|6|7|5|5|,2|kw,2|5|7|4|6|,2|5|0|4|0|,2|1|6|1|4|,2|0|3|1|2|,2|kb,2|2|1|2|2|,2|3|6|3|5|
Ruy Lopez: Closed - Smyslov Defense,1|4|1|4|3|,1|4|6|4|4|,1|6|0|5|2|,1|1|7|2|5|,1|5|0|1|4|,1|0|6|0|5|,1|1|4|0|3|,1|6|7|5|5|,1|kw,1|5|7|4|6|,1|5|0|4|0|,1|1|6|1|4|,1|0|3|1|2|,1|kb,1|2|1|2|2|,1|3|6|3|5|,1|7|1|7|2|,1|7|6|7|5|
Ruy Lopez: Closed - Smyslov Defense,2|4|1|4|3|,2|4|6|4|4|,2|6|0|5|2|,2|1|7|2|5|,2|5|0|1|4|,2|0|6|0|5|,2|1|4|0|3|,2|6|7|5|5|,2|kw,2|5|7|4|6|,2|5|0|4|0|,2|1|6|1|4|,2|0|3|1|2|,2|kb,2|2|1|2|2|,2|3|6|3|5|,2|7|1|7|2|,2|7|6|7|5|
Ruy Lopez: Closed - Breyer Defense,1|4|1|4|3|,1|4|6|4|4|,1|6|0|5|2|,1|1|7|2|5|,1|5|0|1|4|,1|0|6|0|5|,1|1|4|0|3|,1|6|7|5|5|,1|kw,1|5|7|4|6|,1|5|0|4|0|,1|1|6|1|4|,1|0|3|1|2|,1|kb,1|2|1|2|2|,1|3|6|3|5|,1|7|1|7|2|,1|2|5|1|7|
Ruy Lopez: Closed - Breyer Defense,2|4|1|4|3|,2|4|6|4|4|,2|6|0|5|2|,2|1|7|2|5|,2|5|0|1|4|,2|0|6|0|5|,2|1|4|0|3|,2|6|7|5|5|,2|kw,2|5|7|4|6|,2|5|0|4|0|,2|1|6|1|4|,2|0|3|1|2|,2|kb,2|2|1|2|2|,2|3|6|3|5|,2|7|1|7|2|,2|2|5|1|7|
Ruy Lopez: Closed - Breyer,1|4|1|4|3|,1|4|6|4|4|,1|6|0|5|2|,1|1|7|2|5|,1|5|0|1|4|,1|0|6|0|5|,1|1|4|0|3|,1|6|7|5|5|,1|kw,1|5|7|4|6|,1|5|0|4|0|,1|1|6|1|4|,1|0|3|1|2|,1|kb,1|2|1|2|2|,1|3|6|3|5|,1|7|1|7|2|,1|2|5|1|7|,1|3|1|3|3|
Ruy Lopez: Closed - Breyer,2|4|1|4|3|,2|4|6|4|4|,2|6|0|5|2|,2|1|7|2|5|,2|5|0|1|4|,2|0|6|0|5|,2|1|4|0|3|,2|6|7|5|5|,2|kw,2|5|7|4|6|,2|5|0|4|0|,2|1|6|1|4|,2|0|3|1|2|,2|kb,2|2|1|2|2|,2|3|6|3|5|,2|7|1|7|2|,2|2|5|1|7|,2|3|1|3|3|
Ruy Lopez: Closed,1|4|1|4|3|,1|4|6|4|4|,1|6|0|5|2|,1|1|7|2|5|,1|5|0|1|4|,1|0|6|0|5|,1|1|4|0|3|,1|6|7|5|5|,1|kw,1|5|7|4|6|,1|5|0|4|0|,1|1|6|1|4|,1|0|3|1|2|,1|kb,1|2|1|2|2|,1|3|6|3|5|,1|7|1|7|2|,1|2|5|0|4|,1|1|2|2|1|
Ruy Lopez: Closed,2|4|1|4|3|,2|4|6|4|4|,2|6|0|5|2|,2|1|7|2|5|,2|5|0|1|4|,2|0|6|0|5|,2|1|4|0|3|,2|6|7|5|5|,2|kw,2|5|7|4|6|,2|5|0|4|0|,2|1|6|1|4|,2|0|3|1|2|,2|kb,2|2|1|2|2|,2|3|6|3|5|,2|7|1|7|2|,2|2|5|0|4|,2|1|2|2|1|
Ruy Lopez: Closed - Chigorin Defense,1|4|1|4|3|,1|4|6|4|4|,1|6|0|5|2|,1|1|7|2|5|,1|5|0|1|4|,1|0|6|0|5|,1|1|4|0|3|,1|6|7|5|5|,1|kw,1|5|7|4|6|,1|5|0|4|0|,1|1|6|1|4|,1|0|3|1|2|,1|kb,1|2|1|2|2|,1|3|6|3|5|,1|7|1|7|2|,1|2|5|0|4|,1|1|2|2|1|,1|2|6|2|4|,1|3|1|3|3|,1|3|7|2|6|
Ruy Lopez: Closed - Chigorin Defense,2|4|1|4|3|,2|4|6|4|4|,2|6|0|5|2|,2|1|7|2|5|,2|5|0|1|4|,2|0|6|0|5|,2|1|4|0|3|,2|6|7|5|5|,2|kw,2|5|7|4|6|,2|5|0|4|0|,2|1|6|1|4|,2|0|3|1|2|,2|kb,2|2|1|2|2|,2|3|6|3|5|,2|7|1|7|2|,2|2|5|0|4|,2|1|2|2|1|,2|2|6|2|4|,2|3|1|3|3|,2|3|7|2|6|
Ruy Lopez: Closed - Chigorin Defense,1|4|1|4|3|,1|4|6|4|4|,1|6|0|5|2|,1|1|7|2|5|,1|5|0|1|4|,1|0|6|0|5|,1|1|4|0|3|,1|6|7|5|5|,1|kw,1|5|7|4|6|,1|5|0|4|0|,1|1|6|1|4|,1|0|3|1|2|,1|kb,1|2|1|2|2|,1|3|6|3|5|,1|7|1|7|2|,1|2|5|0|4|,1|1|2|2|1|,1|2|6|2|4|,1|3|1|3|3|,1|3|7|2|6|,1|1|0|3|1|,1|0|4|2|5|
Ruy Lopez: Closed - Chigorin Defense,2|4|1|4|3|,2|4|6|4|4|,2|6|0|5|2|,2|1|7|2|5|,2|5|0|1|4|,2|0|6|0|5|,2|1|4|0|3|,2|6|7|5|5|,2|kw,2|5|7|4|6|,2|5|0|4|0|,2|1|6|1|4|,2|0|3|1|2|,2|kb,2|2|1|2|2|,2|3|6|3|5|,2|7|1|7|2|,2|2|5|0|4|,2|1|2|2|1|,2|2|6|2|4|,2|3|1|3|3|,2|3|7|2|6|,2|1|0|3|1|,2|0|4|2|5|
Ruy Lopez: Closed - Chigorin Defense,1|4|1|4|3|,1|4|6|4|4|,1|6|0|5|2|,1|1|7|2|5|,1|5|0|1|4|,1|0|6|0|5|,1|1|4|0|3|,1|6|7|5|5|,1|kw,1|5|7|4|6|,1|5|0|4|0|,1|1|6|1|4|,1|0|3|1|2|,1|kb,1|2|1|2|2|,1|3|6|3|5|,1|7|1|7|2|,1|2|5|0|4|,1|1|2|2|1|,1|2|6|2|4|,1|3|1|3|3|,1|3|7|2|6|,1|1|0|3|1|,1|2|4|3|3|,1|2|2|3|3|
Ruy Lopez: Closed - Chigorin Defense,2|4|1|4|3|,2|4|6|4|4|,2|6|0|5|2|,2|1|7|2|5|,2|5|0|1|4|,2|0|6|0|5|,2|1|4|0|3|,2|6|7|5|5|,2|kw,2|5|7|4|6|,2|5|0|4|0|,2|1|6|1|4|,2|0|3|1|2|,2|kb,2|2|1|2|2|,2|3|6|3|5|,2|7|1|7|2|,2|2|5|0|4|,2|1|2|2|1|,2|2|6|2|4|,2|3|1|3|3|,2|3|7|2|6|,2|1|0|3|1|,2|2|4|3|3|,2|2|2|3|3|
Two Knights Defense,1|4|1|4|3|,1|4|6|4|4|,1|6|0|5|2|,1|1|7|2|5|,1|5|0|2|3|,1|6|7|5|5|,1|3|1|3|3|,1|4|4|3|3|,1|kw,1|5|5|4|3|
Two Knights Defense,2|4|1|4|3|,2|4|6|4|4|,2|6|0|5|2|,2|1|7|2|5|,2|5|0|2|3|,2|6|7|5|5|,2|3|1|3|3|,2|4|4|3|3|,2|kw,2|5|5|4|3|
Two Knights Defense,1|4|1|4|3|,1|4|6|4|4|,1|6|0|5|2|,1|1|7|2|5|,1|5|0|2|3|,1|6|7|5|5|,1|5|2|6|4|
Two Knights Defense,2|4|1|4|3|,2|4|6|4|4|,2|6|0|5|2|,2|1|7|2|5|,2|5|0|2|3|,2|6|7|5|5|,2|5|2|6|4|
Two Knights Defense,1|4|1|4|3|,1|4|6|4|4|,1|6|0|5|2|,1|1|7|2|5|,1|5|0|2|3|,1|6|7|5|5|,1|5|2|6|4|,1|3|6|3|4|,1|4|3|3|4|,1|2|5|0|4|
Two Knights Defense,2|4|1|4|3|,2|4|6|4|4|,2|6|0|5|2|,2|1|7|2|5|,2|5|0|2|3|,2|6|7|5|5|,2|5|2|6|4|,2|3|6|3|4|,2|4|3|3|4|,2|2|5|0|4|
Two Knights Defense,1|4|1|4|3|,1|4|6|4|4|,1|6|0|5|2|,1|1|7|2|5|,1|5|0|2|3|,1|6|7|5|5|,1|5|2|6|4|,1|3|6|3|4|,1|4|3|3|4|,1|2|5|0|4|,1|2|3|1|4|,1|2|6|2|5|,1|3|4|2|5|,1|1|6|2|5|,1|1|4|4|1|,1|7|6|7|5|
Two Knights Defense,2|4|1|4|3|,2|4|6|4|4|,2|6|0|5|2|,2|1|7|2|5|,2|5|0|2|3|,2|6|7|5|5|,2|5|2|6|4|,2|3|6|3|4|,2|4|3|3|4|,2|2|5|0|4|,2|2|3|1|4|,2|2|6|2|5|,2|3|4|2|5|,2|1|6|2|5|,2|1|4|4|1|,2|7|6|7|5|
Vienna Game: Falkbeer Variation,1|4|1|4|3|,1|4|6|4|4|,1|1|0|2|2|,1|6|7|5|5|
Vienna Game: Falkbeer Variation,2|4|1|4|3|,2|4|6|4|4|,2|1|0|2|2|,2|6|7|5|5|
French Defense: Nimzovich Variation,1|4|1|4|3|,1|4|6|4|5|,1|3|1|3|3|,1|3|6|3|4|,1|1|0|2|2|,1|5|7|1|3|
French Defense: Nimzovich Variation,2|4|1|4|3|,2|4|6|4|5|,2|3|1|3|3|,2|3|6|3|4|,2|1|0|2|2|,2|5|7|1|3|
French Defense: Winawer - Advance Variation,1|4|1|4|3|,1|4|6|4|5|,1|3|1|3|3|,1|3|6|3|4|,1|1|0|2|2|,1|5|7|1|3|,1|4|3|4|4|
French Defense: Winawer - Advance Variation,2|4|1|4|3|,2|4|6|4|5|,2|3|1|3|3|,2|3|6|3|4|,2|1|0|2|2|,2|5|7|1|3|,2|4|3|4|4|
French Defense: Winawer - Advance Variation,1|4|1|4|3|,1|4|6|4|5|,1|3|1|3|3|,1|3|6|3|4|,1|1|0|2|2|,1|5|7|1|3|,1|4|3|4|4|,1|2|6|2|4|
French Defense: Winawer - Advance Variation,2|4|1|4|3|,2|4|6|4|5|,2|3|1|3|3|,2|3|6|3|4|,2|1|0|2|2|,2|5|7|1|3|,2|4|3|4|4|,2|2|6|2|4|
French Defense: Winawer - Advance Variation,1|4|1|4|3|,1|4|6|4|5|,1|3|1|3|3|,1|3|6|3|4|,1|1|0|2|2|,1|5|7|1|3|,1|4|3|4|4|,1|2|6|2|4|,1|0|1|0|2|,1|1|3|2|2|,1|1|1|2|2|
French Defense: Winawer - Advance Variation,2|4|1|4|3|,2|4|6|4|5|,2|3|1|3|3|,2|3|6|3|4|,2|1|0|2|2|,2|5|7|1|3|,2|4|3|4|4|,2|2|6|2|4|,2|0|1|0|2|,2|1|3|2|2|,2|1|1|2|2|
French Defense: Winawer - Advance Variation,1|4|1|4|3|,1|4|6|4|5|,1|3|1|3|3|,1|3|6|3|4|,1|1|0|2|2|,1|5|7|1|3|,1|4|3|4|4|,1|2|6|2|4|,1|0|1|0|2|,1|1|3|2|2|,1|1|1|2|2|,1|6|7|4|6|
French Defense: Winawer - Advance Variation,2|4|1|4|3|,2|4|6|4|5|,2|3|1|3|3|,2|3|6|3|4|,2|1|0|2|2|,2|5|7|1|3|,2|4|3|4|4|,2|2|6|2|4|,2|0|1|0|2|,2|1|3|2|2|,2|1|1|2|2|,2|6|7|4|6|
French Defense: Tarrasch Variation - Open,1|4|1|4|3|,1|4|6|4|5|,1|3|1|3|3|,1|3|6|3|5|,1|1|0|3|1|,1|2|6|2|4|,1|4|3|3|4|,1|4|5|3|4|
French Defense: Tarrasch Variation - Open,2|4|1|4|3|,2|4|6|4|5|,2|3|1|3|3|,2|3|6|3|5|,2|1|0|3|1|,2|2|6|2|4|,2|4|3|3|4|,2|4|5|3|4|
Sicilian: Najdorf - Opovcensky Variation,1|4|1|4|3|,1|2|6|2|4|,1|6|0|5|2|,1|3|6|3|5|,1|3|1|3|3|,1|2|4|3|3|,1|5|2|3|3|,1|6|7|5|5|,1|1|0|2|2|,1|0|6|0|5|,1|5|0|4|1|
Sicilian: Najdorf - Opovcensky Variation,2|4|1|4|3|,2|2|6|2|4|,2|6|0|5|2|,2|3|6|3|5|,2|3|1|3|3|,2|2|4|3|3|,2|5|2|3|3|,2|6|7|5|5|,2|1|0|2|2|,2|0|6|0|5|,2|5|0|4|1|
Sicilian: Najdorf Variation,1|4|1|4|3|,1|2|6|2|4|,1|6|0|5|2|,1|3|6|3|5|,1|3|1|3|3|,1|2|4|3|3|,1|5|2|3|3|,1|6|7|5|5|,1|1|0|2|2|,1|0|6|0|5|,1|5|1|5|3|
Sicilian: Najdorf Variation,2|4|1|4|3|,2|2|6|2|4|,2|6|0|5|2|,2|3|6|3|5|,2|3|1|3|3|,2|2|4|3|3|,2|5|2|3|3|,2|6|7|5|5|,2|1|0|2|2|,2|0|6|0|5|,2|5|1|5|3|
Sicilian Defense: Najdorf Variation,1|4|1|4|3|,1|2|6|2|4|,1|6|0|5|2|,1|3|6|3|5|,1|3|1|3|3|,1|2|4|3|3|,1|5|2|3|3|,1|6|7|5|5|,1|1|0|2|2|,1|0|6|0|5|,1|2|0|6|4|
Sicilian Defense: Najdorf Variation,2|4|1|4|3|,2|2|6|2|4|,2|6|0|5|2|,2|3|6|3|5|,2|3|1|3|3|,2|2|4|3|3|,2|5|2|3|3|,2|6|7|5|5|,2|1|0|2|2|,2|0|6|0|5|,2|2|0|6|4|
Sicilian Defense: Najdorf Variation,1|4|1|4|3|,1|2|6|2|4|,1|6|0|5|2|,1|3|6|3|5|,1|3|1|3|3|,1|2|4|3|3|,1|5|2|3|3|,1|6|7|5|5|,1|1|0|2|2|,1|0|6|0|5|,1|2|0|6|4|,1|4|6|4|5|
Sicilian Defense: Najdorf Variation,2|4|1|4|3|,2|2|6|2|4|,2|6|0|5|2|,2|3|6|3|5|,2|3|1|3|3|,2|2|4|3|3|,2|5|2|3|3|,2|6|7|5|5|,2|1|0|2|2|,2|0|6|0|5|,2|2|0|6|4|,2|4|6|4|5|
Sicilian Defense: Najdorf Variation,1|4|1|4|3|,1|2|6|2|4|,1|6|0|5|2|,1|3|6|3|5|,1|3|1|3|3|,1|2|4|3|3|,1|5|2|3|3|,1|6|7|5|5|,1|1|0|2|2|,1|0|6|0|5|,1|2|0|6|4|,1|4|6|4|5|,1|5|1|5|3|
Sicilian Defense: Najdorf Variation,2|4|1|4|3|,2|2|6|2|4|,2|6|0|5|2|,2|3|6|3|5|,2|3|1|3|3|,2|2|4|3|3|,2|5|2|3|3|,2|6|7|5|5|,2|1|0|2|2|,2|0|6|0|5|,2|2|0|6|4|,2|4|6|4|5|,2|5|1|5|3|
Sicilian: Najdorf Variation,1|4|1|4|3|,1|2|6|2|4|,1|6|0|5|2|,1|3|6|3|5|,1|3|1|3|3|,1|2|4|3|3|,1|5|2|3|3|,1|6|7|5|5|,1|1|0|2|2|,1|0|6|0|5|,1|2|0|6|4|,1|4|6|4|5|,1|5|1|5|3|,1|3|7|1|5|
Sicilian: Najdorf Variation,2|4|1|4|3|,2|2|6|2|4|,2|6|0|5|2|,2|3|6|3|5|,2|3|1|3|3|,2|2|4|3|3|,2|5|2|3|3|,2|6|7|5|5|,2|1|0|2|2|,2|0|6|0|5|,2|2|0|6|4|,2|4|6|4|5|,2|5|1|5|3|,2|3|7|1|5|
Sicilian: Najdorf Variation,1|4|1|4|3|,1|2|6|2|4|,1|6|0|5|2|,1|3|6|3|5|,1|3|1|3|3|,1|2|4|3|3|,1|5|2|3|3|,1|6|7|5|5|,1|1|0|2|2|,1|0|6|0|5|,1|2|0|6|4|,1|4|6|4|5|,1|5|1|5|3|,1|5|7|4|6|
Sicilian: Najdorf Variation,2|4|1|4|3|,2|2|6|2|4|,2|6|0|5|2|,2|3|6|3|5|,2|3|1|3|3|,2|2|4|3|3|,2|5|2|3|3|,2|6|7|5|5|,2|1|0|2|2|,2|0|6|0|5|,2|2|0|6|4|,2|4|6|4|5|,2|5|1|5|3|,2|5|7|4|6|
Sicilian: Najdorf Variation - Main Line,1|4|1|4|3|,1|2|6|2|4|,1|6|0|5|2|,1|3|6|3|5|,1|3|1|3|3|,1|2|4|3|3|,1|5|2|3|3|,1|6|7|5|5|,1|1|0|2|2|,1|0|6|0|5|,1|2|0|6|4|,1|4|6|4|5|,1|5|1|5|3|,1|5|7|4|6|,1|3|0|5|2|,1|3|7|2|6|,1|qw,1|1|7|3|6|
Sicilian: Najdorf Variation - Main Line,2|4|1|4|3|,2|2|6|2|4|,2|6|0|5|2|,2|3|6|3|5|,2|3|1|3|3|,2|2|4|3|3|,2|5|2|3|3|,2|6|7|5|5|,2|1|0|2|2|,2|0|6|0|5|,2|2|0|6|4|,2|4|6|4|5|,2|5|1|5|3|,2|5|7|4|6|,2|3|0|5|2|,2|3|7|2|6|,2|qw,2|1|7|3|6|
Sicilian: Najdorf - Zagreb Variation,1|4|1|4|3|,1|2|6|2|4|,1|6|0|5|2|,1|3|6|3|5|,1|3|1|3|3|,1|2|4|3|3|,1|5|2|3|3|,1|6|7|5|5|,1|1|0|2|2|,1|0|6|0|5|,1|6|1|6|2|
Sicilian: Najdorf - Zagreb Variation,2|4|1|4|3|,2|2|6|2|4|,2|6|0|5|2|,2|3|6|3|5|,2|3|1|3|3|,2|2|4|3|3|,2|5|2|3|3|,2|6|7|5|5|,2|1|0|2|2|,2|0|6|0|5|,2|6|1|6|2|
Sicilian: Sozin Variation,1|4|1|4|3|,1|2|6|2|4|,1|6|0|5|2|,1|3|6|3|5|,1|3|1|3|3|,1|2|4|3|3|,1|5|2|3|3|,1|6|7|5|5|,1|1|0|2|2|,1|4|6|4|5|,1|5|0|2|3|,1|1|7|2|5|,1|2|0|4|2|
Sicilian: Sozin Variation,2|4|1|4|3|,2|2|6|2|4|,2|6|0|5|2|,2|3|6|3|5|,2|3|1|3|3|,2|2|4|3|3|,2|5|2|3|3|,2|6|7|5|5|,2|1|0|2|2|,2|4|6|4|5|,2|5|0|2|3|,2|1|7|2|5|,2|2|0|4|2|
Sicilian: Sozin - Leonhardt Variation,1|4|1|4|3|,1|2|6|2|4|,1|6|0|5|2|,1|3|6|3|5|,1|3|1|3|3|,1|2|4|3|3|,1|5|2|3|3|,1|6|7|5|5|,1|1|0|2|2|,1|4|6|4|5|,1|5|0|2|3|,1|1|7|2|5|
Sicilian: Sozin - Leonhardt Variation,2|4|1|4|3|,2|2|6|2|4|,2|6|0|5|2|,2|3|6|3|5|,2|3|1|3|3|,2|2|4|3|3|,2|5|2|3|3|,2|6|7|5|5|,2|1|0|2|2|,2|4|6|4|5|,2|5|0|2|3|,2|1|7|2|5|
Sicilian: Paulsen - Classical Variation,1|4|1|4|3|,1|2|6|2|4|,1|6|0|5|2|,1|3|6|3|5|,1|3|1|3|3|,1|2|4|3|3|,1|5|2|3|3|,1|6|7|5|5|,1|1|0|2|2|,1|4|6|4|5|,1|5|0|4|1|,1|0|6|0|5|
Sicilian: Paulsen - Classical Variation,2|4|1|4|3|,2|2|6|2|4|,2|6|0|5|2|,2|3|6|3|5|,2|3|1|3|3|,2|2|4|3|3|,2|5|2|3|3|,2|6|7|5|5|,2|1|0|2|2|,2|4|6|4|5|,2|5|0|4|1|,2|0|6|0|5|
Sicilian: Scheveningen Attack,1|4|1|4|3|,1|2|6|2|4|,1|6|0|5|2|,1|3|6|3|5|,1|3|1|3|3|,1|2|4|3|3|,1|5|2|3|3|,1|6|7|5|5|,1|1|0|2|2|,1|4|6|4|5|,1|5|1|5|3|
Sicilian: Scheveningen Attack,2|4|1|4|3|,2|2|6|2|4|,2|6|0|5|2|,2|3|6|3|5|,2|3|1|3|3|,2|2|4|3|3|,2|5|2|3|3|,2|6|7|5|5|,2|1|0|2|2|,2|4|6|4|5|,2|5|1|5|3|
Sicilian: Scheveningen - Keres Attack,1|4|1|4|3|,1|2|6|2|4|,1|6|0|5|2|,1|3|6|3|5|,1|3|1|3|3|,1|2|4|3|3|,1|5|2|3|3|,1|6|7|5|5|,1|1|0|2|2|,1|4|6|4|5|,1|6|1|6|3|
Sicilian: Scheveningen - Keres Attack,2|4|1|4|3|,2|2|6|2|4|,2|6|0|5|2|,2|3|6|3|5|,2|3|1|3|3|,2|2|4|3|3|,2|5|2|3|3|,2|6|7|5|5|,2|1|0|2|2|,2|4|6|4|5|,2|6|1|6|3|
Sicilian: Richter-Rauzer - Rauzer Attack,1|4|1|4|3|,1|2|6|2|4|,1|6|0|5|2|,1|3|6|3|5|,1|3|1|3|3|,1|2|4|3|3|,1|5|2|3|3|,1|6|7|5|5|,1|1|0|2|2|,1|1|7|2|5|,1|2|0|6|4|,1|4|6|4|5|,1|3|0|3|1|,1|5|7|4|6|,1|qw,1|kb,1|5|1|5|3|,1|2|5|3|3|
Sicilian: Richter-Rauzer - Rauzer Attack,2|4|1|4|3|,2|2|6|2|4|,2|6|0|5|2|,2|3|6|3|5|,2|3|1|3|3|,2|2|4|3|3|,2|5|2|3|3|,2|6|7|5|5|,2|1|0|2|2|,2|1|7|2|5|,2|2|0|6|4|,2|4|6|4|5|,2|3|0|3|1|,2|5|7|4|6|,2|qw,2|kb,2|5|1|5|3|,2|2|5|3|3|
Sicilian Defense: Richter-Rauzer Attack,1|4|1|4|3|,1|2|6|2|4|,1|6|0|5|2|,1|3|6|3|5|,1|3|1|3|3|,1|2|4|3|3|,1|5|2|3|3|,1|6|7|5|5|,1|1|0|2|2|,1|1|7|2|5|,1|2|0|6|4|,1|4|6|4|5|
Sicilian Defense: Richter-Rauzer Attack,2|4|1|4|3|,2|2|6|2|4|,2|6|0|5|2|,2|3|6|3|5|,2|3|1|3|3|,2|2|4|3|3|,2|5|2|3|3|,2|6|7|5|5|,2|1|0|2|2|,2|1|7|2|5|,2|2|0|6|4|,2|4|6|4|5|
Sicilian: Richter-Rauzer - Larsen Variation,1|4|1|4|3|,1|2|6|2|4|,1|6|0|5|2|,1|3|6|3|5|,1|3|1|3|3|,1|2|4|3|3|,1|5|2|3|3|,1|6|7|5|5|,1|1|0|2|2|,1|1|7|2|5|,1|2|0|6|4|,1|2|7|3|6|,1|3|0|3|1|
Sicilian: Richter-Rauzer - Larsen Variation,2|4|1|4|3|,2|2|6|2|4|,2|6|0|5|2|,2|3|6|3|5|,2|3|1|3|3|,2|2|4|3|3|,2|5|2|3|3|,2|6|7|5|5|,2|1|0|2|2|,2|1|7|2|5|,2|2|0|6|4|,2|2|7|3|6|,2|3|0|3|1|
Sicilian Defense: Boleslavsky Variation,1|4|1|4|3|,1|2|6|2|4|,1|6|0|5|2|,1|1|7|2|5|,1|3|1|3|3|,1|2|4|3|3|,1|5|2|3|3|,1|6|7|5|5|,1|1|0|2|2|,1|3|6|3|5|,1|5|0|4|1|,1|4|6|4|4|,1|3|3|1|2|
Sicilian Defense: Boleslavsky Variation,2|4|1|4|3|,2|2|6|2|4|,2|6|0|5|2|,2|1|7|2|5|,2|3|1|3|3|,2|2|4|3|3|,2|5|2|3|3|,2|6|7|5|5|,2|1|0|2|2|,2|3|6|3|5|,2|5|0|4|1|,2|4|6|4|4|,2|3|3|1|2|
Sicilian: Nimzovich-Rossolimo - Moscow Attack,1|4|1|4|3|,1|2|6|2|4|,1|6|0|5|2|,1|3|6|3|5|,1|5|0|1|4|
Sicilian: Nimzovich-Rossolimo - Moscow Attack,2|4|1|4|3|,2|2|6|2|4|,2|6|0|5|2|,2|3|6|3|5|,2|5|0|1|4|
Alekhine's Defense,1|4|1|4|3|,1|6|7|5|5|,1|4|3|4|4|,1|5|5|3|4|,1|3|1|3|3|
Alekhine's Defense,2|4|1|4|3|,2|6|7|5|5|,2|4|3|4|4|,2|5|5|3|4|,2|3|1|3|3|
Alekhine's Defense: Modern Variation,1|4|1|4|3|,1|6|7|5|5|,1|4|3|4|4|,1|5|5|3|4|,1|3|1|3|3|,1|3|6|3|5|,1|6|0|5|2|
Alekhine's Defense: Modern Variation,2|4|1|4|3|,2|6|7|5|5|,2|4|3|4|4|,2|5|5|3|4|,2|3|1|3|3|,2|3|6|3|5|,2|6|0|5|2|
Alekhine's Defense: Modern Variation,1|4|1|4|3|,1|6|7|5|5|,1|4|3|4|4|,1|5|5|3|4|,1|3|1|3|3|,1|3|6|3|5|,1|6|0|5|2|,1|2|7|6|3|
Alekhine's Defense: Modern Variation,2|4|1|4|3|,2|6|7|5|5|,2|4|3|4|4|,2|5|5|3|4|,2|3|1|3|3|,2|3|6|3|5|,2|6|0|5|2|,2|2|7|6|3|
Robatsch Defense: Rossolimo Variation,1|4|1|4|3|,1|6|6|6|5|,1|3|1|3|3|,1|5|7|6|6|,1|6|0|5|2|,1|3|6|3|5|,1|2|1|2|3|,1|2|7|6|3|
Robatsch Defense: Rossolimo Variation,2|4|1|4|3|,2|6|6|6|5|,2|3|1|3|3|,2|5|7|6|6|,2|6|0|5|2|,2|3|6|3|5|,2|2|1|2|3|,2|2|7|6|3|
